code,name,market,industry,ticker,groups,is_etf,date,price,ma5,ma10,ma20,ma60,ma120,ma240,rsi,atr14,high20,low10,low20,low60,ret20,ret60,volume_ratio,distance_ma20_pct,breakout_distance_pct,trend_score,breakout_score,volume_score,rs_score,rs20,rs60,trend_reasons,breakout_reasons,volume_reasons,rs_reasons,sector_score,best_sector,next_day_score,ready_score,mid_long_score,next_day_signal,ready_signal,mid_long_signal,recommendation_reasons,risk_reasons,next_day_action,above_3ma,next_day_rank,ready_rank,mid_long_rank,entry_low,entry_high,breakout_price,chase_limit,short_stop,long_stop,short_risk_pct,long_risk_pct,target1,target2,risk_reward
0050,元大台灣50,上市,,0050.TW,ETF,True,2026-09-24,112.4,111.58,109.37,108.73,105.22,100.88,84.02,66.76,1.57,113.75,105.85,105.0,91.8,5.99,3.94,0.95,3.38,1.19,25,21,5,8,1.53,1.8,"['è\x82¡å\x83¹ç«\x99ä¸\x8a20æ\x97¥å\x9d\x87ç·\x9a', 'MA5 > MA10 > MA20ï¼\x8cå¤\x9aé\xa0\xadæ\x8e\x92å\x88\x97', 'MA20ä½\x8dæ\x96¼MA60ä¹\x8bä¸\x8a', 'ä¸\xadç\x9f\xadæ\x9c\x9fè¶¨å\x8b¢ç¶\xadæ\x8c\x81å\x81\x8få¤\x9a']",['é\x9d\x9eå¸¸æ\x8e¥è¿\x9120æ\x97¥çª\x81ç\xa0´'],[],['è¿\x9120æ\x97¥è¡¨ç\x8f¾å\x84ªæ\x96¼å¤§ç\x9b¤ 1.5%'],11,ETF,70,97,100,ç­å¾ææ¥ç¢ºèª,æºåé²å ´,ä¸­é·æè¶¨å¢å¼·,ç­æåç·åå¤é ­æå | ä¸­æè¶¨å¢ç¶­æåä¸ | å·²éå¸¸æ¥è¿20æ¥çªç ´ä½ç½® | è¿20æ¥ç¸å°å¤§ç¤å¼· 1.5% | ETFæç¾¤ç¸å°å¼·å¢,ä»éè§å¯éæ¥éç¤èæäº¤éç¢ºèª,ææ¥è¥çªç ´ 113.75 ä¸éè½åæ­¥æ¾å¤§ï¼å¯è¦çºé²å ´è§¸ç¼ï¼è¥ç´æ¥è·³ç©ºé«æ¼ 114.93ï¼ä¸å»ºè­°è¿½å¹ã,True,13,8,14,110.15,112.4,113.75,114.93,107.8,107.69,4.1,4.19,121.61,126.21,2.0
0052,富邦科技,上市,,0052.TW,ETF,True,2026-09-24,65.4,64.79,63.47,63.15,61.4,59.16,75.17,66.21,0.97,65.9,61.5,61.0,53.35,5.65,2.03,0.7,3.57,0.76,25,23,0,5,1.2,-0.11,"['è\x82¡å\x83¹ç«\x99ä¸\x8a20æ\x97¥å\x9d\x87ç·\x9a', 'MA5 > MA10 > MA20ï¼\x8cå¤\x9aé\xa0\xadæ\x8e\x92å\x88\x97', 'MA20ä½\x8dæ\x96¼MA60ä¹\x8bä¸\x8a', 'ä¸\xadç\x9f\xadæ\x9c\x9fè¶¨å\x8b¢ç¶\xadæ\x8c\x81å\x81\x8få¤\x9a']",['è·\x9d20æ\x97¥çª\x81ç\xa0´å\x83¹ä¸\x8då\x88°1%'],[],['è¿\x9120æ\x97¥è¡¨ç\x8f¾å\x84ªæ\x96¼å¤§ç\x9b¤ 1.2%'],11,ETF,64,100,70,æ«ä¸èæ®,æºåé²å ´,ä¸­é·ææçºè¿½è¹¤,ç­æåç·åå¤é ­æå | ä¸­æè¶¨å¢ç¶­æåä¸ | å·²éå¸¸æ¥è¿20æ¥çªç ´ä½ç½® | è¿20æ¥ç¸å°å¤§ç¤å¼· 1.2% | ETFæç¾¤ç¸å°å¼·å¢,ç®åéè½ä»ä¸è¶³,ææ¥è¥çªç ´ 65.90 ä¸éè½åæ­¥æ¾å¤§ï¼å¯è¦çºé²å ´è§¸ç¼ï¼è¥ç´æ¥è·³ç©ºé«æ¼ 66.63ï¼ä¸å»ºè­°è¿½å¹ã,True,23,1,67,64.09,65.4,65.9,66.63,62.64,62.49,4.22,4.45,70.93,73.69,2.0
0053,元大電子,上市,,0053.TW,ETF,True,2026-09-24,253.3,250.77,245.28,244.83,237.52,230.17,189.27,63.55,4.27,255.1,236.65,236.65,203.4,4.86,1.93,1.51,3.46,0.71,25,23,18,5,0.41,-0.21,"['è\x82¡å\x83¹ç«\x99ä¸\x8a20æ\x97¥å\x9d\x87ç·\x9a', 'MA5 > MA10 > MA20ï¼\x8cå¤\x9aé\xa0\xadæ\x8e\x92å\x88\x97', 'MA20ä½\x8dæ\x96¼MA60ä¹\x8bä¸\x8a', 'ä¸\xadç\x9f\xadæ\x9c\x9fè¶¨å\x8b¢ç¶\xadæ\x8c\x81å\x81\x8få¤\x9a']",['è·\x9d20æ\x97¥çª\x81ç\xa0´å\x83¹ä¸\x8då\x88°1%'],['æ\x88\x90äº¤é\x87\x8fæ\x98\x8eé¡¯æ\x94¾å¤§'],['è¿\x9120æ\x97¥è¡¨ç\x8f¾å\x84ªæ\x96¼å¤§ç\x9b¤ 0.4%'],11,ETF,82,90,85,ææ¥é²å ´åé¸,æºåé²å ´,ä¸­é·æè¶¨å¢å¼·,ç­æåç·åå¤é ­æå | ä¸­æè¶¨å¢ç¶­æåä¸ | å·²éå¸¸æ¥è¿20æ¥çªç ´ä½ç½® | æäº¤éæ¾å¤§è³20æ¥åé 1.51 å | è¿20æ¥ç¸å°å¤§ç¤å¼· 0.4%,ä»éè§å¯éæ¥éç¤èæäº¤éç¢ºèª,ææ¥è¥çªç ´ 255.10 ä¸éè½åæ­¥æ¾å¤§ï¼å¯è¦çºé²å ´è§¸ç¼ï¼è¥ç´æ¥è·³ç©ºé«æ¼ 258.30ï¼ä¸å»ºè­°è¿½å¹ã,True,1,17,29,248.23,253.3,255.1,258.3,241.83,240.49,4.53,5.06,276.24,287.71,2.0
0056,元大高股息,上市,,0056.TW,ETF,True,2026-09-24,56.65,56.82,56.16,55.65,52.61,48.93,41.92,66.35,0.69,57.85,54.55,53.45,45.84,5.69,10.69,0.91,1.8,2.07,25,17,5,10,1.23,8.55,"['è\x82¡å\x83¹ç«\x99ä¸\x8a20æ\x97¥å\x9d\x87ç·\x9a', 'MA5 > MA10 > MA20ï¼\x8cå¤\x9aé\xa0\xadæ\x8e\x92å\x88\x97', 'MA20ä½\x8dæ\x96¼MA60ä¹\x8bä¸\x8a', 'ä¸\xadç\x9f\xadæ\x9c\x9fè¶¨å\x8b¢ç¶\xadæ\x8c\x81å\x81\x8få¤\x9a']",['æ\x8e¥è¿\x9120æ\x97¥çª\x81ç\xa0´å\x8d\x80'],[],['è¿\x9120æ\x97¥è¡¨ç\x8f¾å\x84ªæ\x96¼å¤§ç\x9b¤ 1.2%'],11,ETF,68,93,100,ç­å¾ææ¥ç¢ºèª,æºåé²å ´,ä¸­é·æè¶¨å¢å¼·,ç­æåç·åå¤é ­æå | ä¸­æè¶¨å¢ç¶­æåä¸ | æ­£å¨æ¥è¿20æ¥å£åå | è¿20æ¥ç¸å°å¤§ç¤å¼· 1.2% | ETFæç¾¤ç¸å°å¼·å¢,ä»éè§å¯éæ¥éç¤èæäº¤éç¢ºèª,ææ¥è¥çªç ´ 57.85 ä¸éè½åæ­¥æ¾å¤§ï¼å¯è¦çºé²å ´è§¸ç¼ï¼è¥ç´æ¥è·³ç©ºé«æ¼ 58.37ï¼ä¸å»ºè­°è¿½å¹ã,False,16,13,10,56.1,56.65,57.85,58.37,55.06,54.58,2.8,3.65,59.82,61.41,2.0
006208,富邦台50,上市,,006208.TW,ETF,True,2026-09-24,256.85,255.09,250.17,248.79,240.93,230.79,192.17,66.57,3.55,259.7,242.25,240.5,210.2,5.63,3.8,0.42,3.24,1.1,25,21,0,8,1.18,1.66,"['è\x82¡å\x83¹ç«\x99ä¸\x8a20æ\x97¥å\x9d\x87ç·\x9a', 'MA5 > MA10 > MA20ï¼\x8cå¤\x9aé\xa0\xadæ\x8e\x92å\x88\x97', 'MA20ä½\x8dæ\x96¼MA60ä¹\x8bä¸\x8a', 'ä¸\xadç\x9f\xadæ\x9c\x9fè¶¨å\x8b¢ç¶\xadæ\x8c\x81å\x81\x8få¤\x9a']",['é\x9d\x9eå¸¸æ\x8e¥è¿\x9120æ\x97¥çª\x81ç\xa0´'],[],['è¿\x9120æ\x97¥è¡¨ç\x8f¾å\x84ªæ\x96¼å¤§ç\x9b¤ 1.2%'],11,ETF,65,87,100,æ«ä¸èæ®,æºåé²å ´,ä¸­é·æè¶¨å¢å¼·,ç­æåç·åå¤é ­æå | ä¸­æè¶¨å¢ç¶­æåä¸ | å·²éå¸¸æ¥è¿20æ¥çªç ´ä½ç½® | è¿20æ¥ç¸å°å¤§ç¤å¼· 1.2% | ETFæç¾¤ç¸å°å¼·å¢,ç®åéè½ä»ä¸è¶³,ææ¥è¥çªç ´ 259.70 ä¸éè½åæ­¥æ¾å¤§ï¼å¯è¦çºé²å ´è§¸ç¼ï¼è¥ç´æ¥è·³ç©ºé«æ¼ 262.36ï¼ä¸å»ºè­°è¿½å¹ã,True,20,22,16,251.71,256.85,259.7,262.36,246.39,246.2,4.07,4.15,277.77,288.24,2.0
00878,國泰永續高股息,上市,,00878.TW,ETF,True,2026-09-24,34.88,35.02,34.68,34.24,32.7,30.2,25.29,67.58,0.36,35.54,33.6,32.71,29.39,6.63,8.24,0.97,1.87,1.86,25,21,5,8,2.18,6.1,"['è\x82¡å\x83¹ç«\x99ä¸\x8a20æ\x97¥å\x9d\x87ç·\x9a', 'MA5 > MA10 > MA20ï¼\x8cå¤\x9aé\xa0\xadæ\x8e\x92å\x88\x97', 'MA20ä½\x8dæ\x96¼MA60ä¹\x8bä¸\x8a', 'ä¸\xadç\x9f\xadæ\x9c\x9fè¶¨å\x8b¢ç¶\xadæ\x8c\x81å\x81\x8få¤\x9a']",['é\x9d\x9eå¸¸æ\x8e¥è¿\x9120æ\x97¥çª\x81ç\xa0´'],[],['è¿\x9120æ\x97¥è¡¨ç\x8f¾å\x84ªæ\x96¼å¤§ç\x9b¤ 2.2%'],11,ETF,70,97,100,ç­å¾ææ¥ç¢ºèª,æºåé²å ´,ä¸­é·æè¶¨å¢å¼·,ç­æåç·åå¤é ­æå | ä¸­æè¶¨å¢ç¶­æåä¸ | å·²éå¸¸æ¥è¿20æ¥çªç ´ä½ç½® | è¿20æ¥ç¸å°å¤§ç¤å¼· 2.2% | ETFæç¾¤ç¸å°å¼·å¢,ä»éè§å¯éæ¥éç¤èæäº¤éç¢ºèª,ææ¥è¥çªç ´ 35.54 ä¸éè½åæ­¥æ¾å¤§ï¼å¯è¦çºé²å ´è§¸ç¼ï¼è¥ç´æ¥è·³ç©ºé«æ¼ 35.81ï¼ä¸å»ºè­°è¿½å¹ã,False,12,7,12,34.59,34.88,35.54,35.81,34.05,33.8,2.37,3.1,36.54,37.36,2.0
00881,國泰台灣科技龍頭,上市,,00881.TW,ETF,True,2026-09-24,52.5,52.02,50.83,50.63,48.89,47.42,38.3,65.37,0.89,53.15,48.98,48.94,41.28,5.83,2.83,0.58,3.69,1.22,25,21,0,8,1.37,0.69,"['è\x82¡å\x83¹ç«\x99ä¸\x8a20æ\x97¥å\x9d\x87ç·\x9a', 'MA5 > MA10 > MA20ï¼\x8cå¤\x9aé\xa0\xadæ\x8e\x92å\x88\x97', 'MA20ä½\x8dæ\x96¼MA60ä¹\x8bä¸\x8a', 'ä¸\xadç\x9f\xadæ\x9c\x9fè¶¨å\x8b¢ç¶\xadæ\x8c\x81å\x81\x8få¤\x9a']",['é\x9d\x9eå¸¸æ\x8e¥è¿\x9120æ\x97¥çª\x81ç\xa0´'],[],['è¿\x9120æ\x97¥è¡¨ç\x8f¾å\x84ªæ\x96¼å¤§ç\x9b¤ 1.4%'],11,ETF,65,87,100,æ«ä¸èæ®,æºåé²å ´,ä¸­é·æè¶¨å¢å¼·,ç­æåç·åå¤é ­æå | ä¸­æè¶¨å¢ç¶­æåä¸ | å·²éå¸¸æ¥è¿20æ¥çªç ´ä½ç½® | è¿20æ¥ç¸å°å¤§ç¤å¼· 1.4% | ETFæç¾¤ç¸å°å¼·å¢,ç®åéè½ä»ä¸è¶³,ææ¥è¥çªç ´ 53.15 ä¸éè½åæ­¥æ¾å¤§ï¼å¯è¦çºé²å ´è§¸ç¼ï¼è¥ç´æ¥è·³ç©ºé«æ¼ 53.82ï¼ä¸å»ºè­°è¿½å¹ã,True,19,21,17,51.45,52.5,53.15,53.82,50.11,49.83,4.54,5.09,57.27,59.66,2.0
00891,中信關鍵半導體,上市,,00891.TW,ETF,True,2026-09-24,37.77,37.23,36.13,35.66,34.21,32.85,25.91,69.88,0.7,38.21,34.54,33.72,28.22,10.21,3.89,0.77,5.92,1.15,25,21,5,10,5.76,1.75,"['è\x82¡å\x83¹ç«\x99ä¸\x8a20æ\x97¥å\x9d\x87ç·\x9a', 'MA5 > MA10 > MA20ï¼\x8cå¤\x9aé\xa0\xadæ\x8e\x92å\x88\x97', 'MA20ä½\x8dæ\x96¼MA60ä¹\x8bä¸\x8a', 'ä¸\xadç\x9f\xadæ\x9c\x9fè¶¨å\x8b¢ç¶\xadæ\x8c\x81å\x81\x8få¤\x9a']",['é\x9d\x9eå¸¸æ\x8e¥è¿\x9120æ\x97¥çª\x81ç\xa0´'],[],['è¿\x9120æ\x97¥è¡¨ç\x8f¾å\x84ªæ\x96¼å¤§ç\x9b¤ 5.8%'],11,ETF,72,97,100,ç­å¾ææ¥ç¢ºèª,æºåé²å ´,ä¸­é·æè¶¨å¢å¼·,ç­æåç·åå¤é ­æå | ä¸­æè¶¨å¢ç¶­æåä¸ | å·²éå¸¸æ¥è¿20æ¥çªç ´ä½ç½® | è¿20æ¥ç¸å°å¤§ç¤å¼· 5.8% | ETFæç¾¤ç¸å°å¼·å¢,ç®åéè½ä»ä¸è¶³,ææ¥è¥çªç ´ 38.21 ä¸éè½åæ­¥æ¾å¤§ï¼å¯è¦çºé²å ´è§¸ç¼ï¼è¥ç´æ¥è·³ç©ºé«æ¼ 38.73ï¼ä¸å»ºè­°è¿½å¹ã,True,11,6,15,37.01,37.77,38.21,38.73,35.96,35.67,4.78,5.56,41.38,43.19,2.0
00919,群益台灣精選高息,上市,,00919.TW,ETF,True,2026-09-24,31.83,32.06,31.92,31.63,29.76,27.56,23.88,62.32,0.37,32.44,31.08,30.22,27.01,5.2,12.8,0.81,0.62,1.88,25,21,5,10,0.74,10.66,"['è\x82¡å\x83¹ç«\x99ä¸\x8a20æ\x97¥å\x9d\x87ç·\x9a', 'MA5 > MA10 > MA20ï¼\x8cå¤\x9aé\xa0\xadæ\x8e\x92å\x88\x97', 'MA20ä½\x8dæ\x96¼MA60ä¹\x8bä¸\x8a', 'ä¸\xadç\x9f\xadæ\x9c\x9fè¶¨å\x8b¢ç¶\xadæ\x8c\x81å\x81\x8få¤\x9a']",['é\x9d\x9eå¸¸æ\x8e¥è¿\x9120æ\x97¥çª\x81ç\xa0´'],[],['è¿\x9120æ\x97¥è¡¨ç\x8f¾å\x84ªæ\x96¼å¤§ç\x9b¤ 0.7%'],11,ETF,72,97,100,ç­å¾ææ¥ç¢ºèª,æºåé²å ´,ä¸­é·æè¶¨å¢å¼·,ç­æåç·åå¤é ­æå | ä¸­æè¶¨å¢ç¶­æåä¸ | å·²éå¸¸æ¥è¿20æ¥çªç ´ä½ç½® | è¿20æ¥ç¸å°å¤§ç¤å¼· 0.7% | ETFæç¾¤ç¸å°å¼·å¢,ä»éè§å¯éæ¥éç¤èæäº¤éç¢ºèª,ææ¥è¥çªç ´ 32.44 ä¸éè½åæ­¥æ¾å¤§ï¼å¯è¦çºé²å ´è§¸ç¼ï¼è¥ç´æ¥è·³ç©ºé«æ¼ 32.72ï¼ä¸å»ºè­°è¿½å¹ã,False,10,9,8,31.6,31.83,32.44,32.72,31.13,30.72,2.21,3.49,33.24,33.94,2.0
00927,群益半導體收益,上市,,00927.TW,ETF,True,2026-09-24,39.77,39.52,38.32,37.7,36.92,35.28,27.8,66.72,0.79,40.75,36.36,35.49,30.85,9.71,-2.71,1.21,5.5,2.4,25,17,15,7,5.25,-4.85,"['è\x82¡å\x83¹ç«\x99ä¸\x8a20æ\x97¥å\x9d\x87ç·\x9a', 'MA5 > MA10 > MA20ï¼\x8cå¤\x9aé\xa0\xadæ\x8e\x92å\x88\x97', 'MA20ä½\x8dæ\x96¼MA60ä¹\x8bä¸\x8a', 'ä¸\xadç\x9f\xadæ\x9c\x9fè¶¨å\x8b¢ç¶\xadæ\x8c\x81å\x81\x8få¤\x9a']",['æ\x8e¥è¿\x9120æ\x97¥çª\x81ç\xa0´å\x8d\x80'],['é\x87\x8fè\x83½é\x96\x8bå§\x8bæ\x93´å¼µ'],['è¿\x9120æ\x97¥è¡¨ç\x8f¾å\x84ªæ\x96¼å¤§ç\x9b¤ 5.3%'],11,ETF,75,93,75,ç­å¾ææ¥ç¢ºèª,æºåé²å ´,ä¸­é·ææçºè¿½è¹¤,ç­æåç·åå¤é ­æå | ä¸­æè¶¨å¢ç¶­æåä¸ | æ­£å¨æ¥è¿20æ¥å£åå | æäº¤ééå§æ´å¼µ | è¿20æ¥ç¸å°å¤§ç¤å¼· 5.2%,ä»éè§å¯éæ¥éç¤èæäº¤éç¢ºèª,ææ¥è¥çªç ´ 40.75 ä¸éè½åæ­¥æ¾å¤§ï¼å¯è¦çºé²å ´è§¸ç¼ï¼è¥ç´æ¥è·³ç©ºé«æ¼ 41.34ï¼ä¸å»ºè­°è¿½å¹ã,True,6,12,54,38.97,39.77,40.75,41.34,37.79,37.4,4.98,5.96,43.73,45.71,2.0
00929,復華台灣科技優息,上市,,00929.TW,ETF,True,2026-09-24,29.18,29.11,28.71,28.76,28.34,26.77,22.06,60.01,0.32,29.39,27.9,27.9,25.02,1.79,-2.61,0.64,1.48,0.71,17,23,0,2,-2.67,-4.74,"['è\x82¡å\x83¹ç«\x99ä¸\x8a20æ\x97¥å\x9d\x87ç·\x9a', 'MA20ä½\x8dæ\x96¼MA60ä¹\x8bä¸\x8a', 'ä¸\xadç\x9f\xadæ\x9c\x9fè¶¨å\x8b¢ç¶\xadæ\x8c\x81å\x81\x8få¤\x9a']",['è·\x9d20æ\x97¥çª\x81ç\xa0´å\x83¹ä¸\x8då\x88°1%'],[],[],11,ETF,53,55,75,æ«ä¸èæ®,å°æªæç,ä¸­é·ææçºè¿½è¹¤,ä¸­æè¶¨å¢ç¶­æåä¸ | å·²éå¸¸æ¥è¿20æ¥çªç ´ä½ç½® | ETFæç¾¤ç¸å°å¼·å¢,ç®åéè½ä»ä¸è¶³,ææ¥è¥çªç ´ 29.39 ä¸éè½åæ­¥æ¾å¤§ï¼å¯è¦çºé²å ´è§¸ç¼ï¼è¥ç´æ¥è·³ç©ºé«æ¼ 29.63ï¼ä¸å»ºè­°è¿½å¹ã,True,46,63,53,28.92,29.18,29.39,29.63,28.44,28.22,2.52,3.29,30.65,31.39,2.0
00935,野村臺灣新科技50,上市,,00935.TW,ETF,True,2026-09-24,61.65,60.51,58.39,57.71,55.49,54.26,42.26,68.58,1.38,62.4,55.33,54.55,45.06,11.33,1.48,0.73,6.83,1.2,25,21,0,7,6.87,-0.66,"['è\x82¡å\x83¹ç«\x99ä¸\x8a20æ\x97¥å\x9d\x87ç·\x9a', 'MA5 > MA10 > MA20ï¼\x8cå¤\x9aé\xa0\xadæ\x8e\x92å\x88\x97', 'MA20ä½\x8dæ\x96¼MA60ä¹\x8bä¸\x8a', 'ä¸\xadç\x9f\xadæ\x9c\x9fè¶¨å\x8b¢ç¶\xadæ\x8c\x81å\x81\x8få¤\x9a']",['é\x9d\x9eå¸¸æ\x8e¥è¿\x9120æ\x97¥çª\x81ç\xa0´'],[],['è¿\x9120æ\x97¥è¡¨ç\x8f¾å\x84ªæ\x96¼å¤§ç\x9b¤ 6.9%'],11,ETF,64,97,85,æ«ä¸èæ®,æºåé²å ´,ä¸­é·æè¶¨å¢å¼·,ç­æåç·åå¤é ­æå | ä¸­æè¶¨å¢ç¶­æåä¸ | å·²éå¸¸æ¥è¿20æ¥çªç ´ä½ç½® | è¿20æ¥ç¸å°å¤§ç¤å¼· 6.9% | ETFæç¾¤ç¸å°å¼·å¢,ç®åéè½ä»ä¸è¶³,ææ¥è¥çªç ´ 62.40 ä¸éè½åæ­¥æ¾å¤§ï¼å¯è¦çºé²å ´è§¸ç¼ï¼è¥ç´æ¥è·³ç©ºé«æ¼ 63.43ï¼ä¸å»ºè­°è¿½å¹ã,True,21,5,30,60.42,61.65,62.4,63.43,58.35,57.51,5.36,6.72,68.26,71.56,2.0
00940,元大台灣價值高息,上市,,00940.TW,ETF,True,2026-09-24,13.1,13.11,12.98,12.91,12.45,11.84,10.5,64.5,0.13,13.21,12.65,12.56,11.28,3.83,4.83,0.54,1.5,0.83,25,23,0,5,-0.62,2.69,"['è\x82¡å\x83¹ç«\x99ä¸\x8a20æ\x97¥å\x9d\x87ç·\x9a', 'MA5 > MA10 > MA20ï¼\x8cå¤\x9aé\xa0\xadæ\x8e\x92å\x88\x97', 'MA20ä½\x8dæ\x96¼MA60ä¹\x8bä¸\x8a', 'ä¸\xadç\x9f\xadæ\x9c\x9fè¶¨å\x8b¢ç¶\xadæ\x8c\x81å\x81\x8få¤\x9a']",['è·\x9d20æ\x97¥çª\x81ç\xa0´å\x83¹ä¸\x8då\x88°1%'],[],[],11,ETF,64,75,100,æ«ä¸èæ®,æçºè§å¯,ä¸­é·æè¶¨å¢å¼·,ç­æåç·åå¤é ­æå | ä¸­æè¶¨å¢ç¶­æåä¸ | å·²éå¸¸æ¥è¿20æ¥çªç ´ä½ç½® | ETFæç¾¤ç¸å°å¼·å¢,ç®åéè½ä»ä¸è¶³,ææ¥è¥çªç ´ 13.21 ä¸éè½åæ­¥æ¾å¤§ï¼å¯è¦çºé²å ´è§¸ç¼ï¼è¥ç´æ¥è·³ç©ºé«æ¼ 13.31ï¼ä¸å»ºè­°è¿½å¹ã,False,25,41,13,13.0,13.1,13.21,13.31,12.8,12.71,2.28,2.98,13.7,14.0,2.0
1590,亞德客-KY,上市,電機機械,1590.TW,機器人 / 自動化,False,2026-09-24,1210.0,1232.0,1248.0,1313.5,1375.58,1351.19,1155.6,32.03,48.93,1505.0,1220.0,1220.0,1218.87,-18.24,-11.08,1.25,-7.88,19.6,5,0,15,0,-22.7,-13.22,['ä¸\xadç\x9f\xadæ\x9c\x9fè¶¨å\x8b¢ç¶\xadæ\x8c\x81å\x81\x8få¤\x9a'],[],['é\x87\x8fè\x83½é\x96\x8bå§\x8bæ\x93´å¼µ'],[],6,機器人 / 自動化,26,10,35,æ«ä¸èæ®,å°æªæç,ä¸­é·æä¸è¬,æäº¤ééå§æ´å¼µ | 機器人 / 自動化æç¾¤ç¸å°å¼·å¢,è·é¢çªç ´ä½ç½®ä»è¼é ,ææ¥è¥çªç ´ 1505.00 ä¸éè½åæ­¥æ¾å¤§ï¼å¯è¦çºé²å ´è§¸ç¼ï¼è¥ç´æ¥è·³ç©ºé«æ¼ 1541.70ï¼ä¸å»ºè­°è¿½å¹ã,False,97,122,124,1170.86,1191.31,1505.0,1541.7,1097.46,1206.68,7.88,0.27,1378.99,1472.84,2.0
2049,上銀,上市,電機機械,2049.TW,機器人 / 自動化,False,2026-09-24,325.5,329.7,332.75,344.9,341.85,335.8,275.39,41.39,16.0,381.5,313.5,313.5,279.0,-9.46,-6.99,0.33,-5.62,14.68,11,0,0,0,-13.92,-9.13,"['MA20ä½\x8dæ\x96¼MA60ä¹\x8bä¸\x8a', 'ä¸\xadç\x9f\xadæ\x9c\x9fè¶¨å\x8b¢ç¶\xadæ\x8c\x81å\x81\x8få¤\x9a']",[],[],[],6,機器人 / 自動化,17,0,55,æ«ä¸èæ®,å°æªæç,ä¸­é·æä¸è¬,ä¸­æè¶¨å¢ç¶­æåä¸ | 機器人 / 自動化æç¾¤ç¸å°å¼·å¢,ç®åéè½ä»ä¸è¶³ | è·é¢çªç ´ä½ç½®ä»è¼é ,ææ¥è¥çªç ´ 381.50 ä¸éè½åæ­¥æ¾å¤§ï¼å¯è¦çºé²å ´è§¸ç¼ï¼è¥ç´æ¥è·³ç©ºé«æ¼ 392.94ï¼ä¸å»ºè­°è¿½å¹ã,False,128,145,85,318.99,325.5,381.5,392.94,311.93,277.5,4.17,14.75,352.63,366.2,2.0
2059,川湖,上市,電子零組件業,2059.TW,機殼 / 機構件,False,2026-09-24,12350.0,12541.0,12283.0,12903.0,11016.24,8104.09,5806.13,48.62,595.0,14815.0,11665.0,11665.0,6815.96,-13.88,57.28,0.88,-4.29,16.64,11,0,5,6,-18.33,55.14,"['MA20ä½\x8dæ\x96¼MA60ä¹\x8bä¸\x8a', 'ä¸\xadç\x9f\xadæ\x9c\x9fè¶¨å\x8b¢ç¶\xadæ\x8c\x81å\x81\x8få¤\x9a']",[],[],[],2,機殼 / 機構件,24,10,80,æ«ä¸èæ®,å°æªæç,ä¸­é·æè¶¨å¢å¼·,ä¸­æè¶¨å¢ç¶­æåä¸ | 機殼 / 機構件æç¾¤ç¸å°å¼·å¢,è·é¢çªç ´ä½ç½®ä»è¼é ,ææ¥è¥çªç ´ 14815.00 ä¸éè½åæ­¥æ¾å¤§ï¼å¯è¦çºé²å ´è§¸ç¼ï¼è¥ç´æ¥è·³ç©ºé«æ¼ 15259.45ï¼ä¸å»ºè­°è¿½å¹ã,False,107,120,33,12160.17,12350.0,14815.0,15259.45,11606.67,10685.75,6.02,13.48,13836.65,14579.98,2.0
2301,光寶科,上市,電腦及週邊設備業,2301.TW,"Power / BBU,AI",False,2026-09-24,287.0,285.1,280.9,291.38,254.29,226.97,193.62,53.85,11.39,328.0,271.0,271.0,174.89,-4.65,30.77,0.43,-1.5,12.5,11,0,0,6,-9.11,28.63,"['MA20ä½\x8dæ\x96¼MA60ä¹\x8bä¸\x8a', 'ä¸\xadç\x9f\xadæ\x9c\x9fè¶¨å\x8b¢ç¶\xadæ\x8c\x81å\x81\x8få¤\x9a']",[],[],[],9,AI,26,0,80,æ«ä¸èæ®,å°æªæç,ä¸­é·æè¶¨å¢å¼·,ä¸­æè¶¨å¢ç¶­æåä¸ | AIæç¾¤ç¸å°å¼·å¢,ç®åéè½ä»ä¸è¶³ | è·é¢çªç ´ä½ç½®ä»è¼é ,ææ¥è¥çªç ´ 328.00 ä¸éè½åæ­¥æ¾å¤§ï¼å¯è¦çºé²å ´è§¸ç¼ï¼è¥ç´æ¥è·³ç©ºé«æ¼ 336.54ï¼ä¸å»ºè­°è¿½å¹ã,False,102,131,38,281.26,287.0,328.0,336.54,269.64,252.83,6.05,11.91,321.71,339.07,2.0
2303,聯電,上市,半導體業,2303.TW,半導體,False,2026-09-24,154.0,157.4,149.8,141.72,134.99,122.99,87.73,62.43,7.61,168.5,135.0,117.0,102.5,29.96,-5.36,0.78,8.66,8.61,25,0,5,9,25.5,-7.49,"['è\x82¡å\x83¹ç«\x99ä¸\x8a20æ\x97¥å\x9d\x87ç·\x9a', 'MA5 > MA10 > MA20ï¼\x8cå¤\x9aé\xa0\xadæ\x8e\x92å\x88\x97', 'MA20ä½\x8dæ\x96¼MA60ä¹\x8bä¸\x8a', 'ä¸\xadç\x9f\xadæ\x9c\x9fè¶¨å\x8b¢ç¶\xadæ\x8c\x81å\x81\x8få¤\x9a']",[],[],['è¿\x9120æ\x97¥è¡¨ç\x8f¾å\x84ªæ\x96¼å¤§ç\x9b¤ 25.5%'],14,半導體,53,75,75,æ«ä¸èæ®,æçºè§å¯,ä¸­é·ææçºè¿½è¹¤,ç­æåç·åå¤é ­æå | ä¸­æè¶¨å¢ç¶­æåä¸ | è¿20æ¥ç¸å°å¤§ç¤å¼· 25.5% | 半導體æç¾¤ç¸å°å¼·å¢,ç®åéè½ä»ä¸è¶³ | è·é¢çªç ´ä½ç½®ä»è¼é ,ææ¥è¥çªç ´ 168.50 ä¸éè½åæ­¥æ¾å¤§ï¼å¯è¦çºé²å ´è§¸ç¼ï¼è¥ç´æ¥è·³ç©ºé«æ¼ 173.56ï¼ä¸å»ºè­°è¿½å¹ã,False,44,37,58,148.3,152.05,168.5,173.56,139.59,131.17,8.19,14.82,176.95,189.41,2.0
2308,台達電,上市,電子零組件業,2308.TW,"Power / BBU,機器人 / 自動化,AI,科技",False,2026-09-24,1910.0,1864.0,1762.5,1780.0,1781.0,1937.08,1522.57,61.14,80.71,1965.0,1560.0,1560.0,1425.0,7.91,-3.05,0.77,7.3,2.8,11,17,5,5,3.45,-5.18,"['è\x82¡å\x83¹ç«\x99ä¸\x8a20æ\x97¥å\x9d\x87ç·\x9a', 'ä¸\xadç\x9f\xadæ\x9c\x9fè¶¨å\x8b¢ç¶\xadæ\x8c\x81å\x81\x8få¤\x9a']",['æ\x8e¥è¿\x9120æ\x97¥çª\x81ç\xa0´å\x8d\x80'],[],['è¿\x9120æ\x97¥è¡¨ç\x8f¾å\x84ªæ\x96¼å¤§ç\x9b¤ 3.5%'],9,AI,47,63,25,æ«ä¸èæ®,å°æªæç,ä¸­é·æä¸è¬,æ­£å¨æ¥è¿20æ¥å£åå | è¿20æ¥ç¸å°å¤§ç¤å¼· 3.5% | AIæç¾¤ç¸å°å¼·å¢,ç®åéè½ä»ä¸è¶³,ææ¥è¥çªç ´ 1965.00 ä¸éè½åæ­¥æ¾å¤§ï¼å¯è¦çºé²å ´è§¸ç¼ï¼è¥ç´æ¥è·³ç©ºé«æ¼ 2023.95ï¼ä¸å»ºè­°è¿½å¹ã,True,57,52,132,1871.8,1910.0,1965.0,2023.95,1753.3,1727.57,8.2,9.55,2223.4,2380.1,2.0
2313,華通,上市,電子零組件業,2313.TW,"PCB / CCL / ABF,低軌衛星",False,2026-09-24,222.5,223.8,222.35,231.2,218.18,235.98,184.82,48.46,9.25,260.0,213.0,213.0,154.0,-8.81,-2.63,0.23,-3.76,14.42,11,0,0,0,-13.27,-4.76,"['MA20ä½\x8dæ\x96¼MA60ä¹\x8bä¸\x8a', 'ä¸\xadç\x9f\xadæ\x9c\x9fè¶¨å\x8b¢ç¶\xadæ\x8c\x81å\x81\x8få¤\x9a']",[],[],[],7,PCB / CCL / ABF,18,0,35,æ«ä¸èæ®,å°æªæç,ä¸­é·æä¸è¬,ä¸­æè¶¨å¢ç¶­æåä¸ | PCB / CCL / ABFæç¾¤ç¸å°å¼·å¢,ç®åéè½ä»ä¸è¶³ | è·é¢çªç ´ä½ç½®ä»è¼é ,ææ¥è¥çªç ´ 260.00 ä¸éè½åæ­¥æ¾å¤§ï¼å¯è¦çºé²å ´è§¸ç¼ï¼è¥ç´æ¥è·³ç©ºé«æ¼ 266.94ï¼ä¸å»ºè­°è¿½å¹ã,False,123,142,113,220.13,222.5,260.0,266.94,211.94,211.63,4.75,4.88,243.63,254.19,2.0
2317,鴻海,上市,其他電子業,2317.TW,"AI Server,Apple,AI,科技",False,2026-09-24,250.5,252.0,250.15,251.28,248.77,244.3,231.67,49.44,4.54,259.0,243.5,243.5,226.5,-0.6,4.81,1.1,-0.31,3.28,11,17,10,3,-5.05,2.67,"['MA20ä½\x8dæ\x96¼MA60ä¹\x8bä¸\x8a', 'ä¸\xadç\x9f\xadæ\x9c\x9fè¶¨å\x8b¢ç¶\xadæ\x8c\x81å\x81\x8få¤\x9a']",['æ\x8e¥è¿\x9120æ\x97¥çª\x81ç\xa0´å\x8d\x80'],['æ\x88\x90äº¤é\x87\x8fé«\x98æ\x96¼20æ\x97¥å\x9d\x87é\x87\x8f'],[],9,AI,50,28,80,æ«ä¸èæ®,å°æªæç,ä¸­é·æè¶¨å¢å¼·,ä¸­æè¶¨å¢ç¶­æåä¸ | æ­£å¨æ¥è¿20æ¥å£åå | AIæç¾¤ç¸å°å¼·å¢,ä»éè§å¯éæ¥éç¤èæäº¤éç¢ºèª,ææ¥è¥çªç ´ 259.00 ä¸éè½åæ­¥æ¾å¤§ï¼å¯è¦çºé²å ´è§¸ç¼ï¼è¥ç´æ¥è·³ç©ºé«æ¼ 262.40ï¼ä¸å»ºè­°è¿½å¹ã,False,52,88,45,248.77,250.5,259.0,262.4,245.04,241.31,2.18,3.67,261.43,266.89,2.0
2324,仁寶,上市,電腦及週邊設備業,2324.TW,"AI Server,AI PC,科技",False,2026-09-24,36.5,37.13,37.3,38.49,37.72,35.49,32.78,40.18,1.0,42.1,36.8,36.8,33.2,-8.18,4.89,0.35,-5.16,13.3,11,0,0,3,-12.63,2.75,"['MA20ä½\x8dæ\x96¼MA60ä¹\x8bä¸\x8a', 'ä¸\xadç\x9f\xadæ\x9c\x9fè¶¨å\x8b¢ç¶\xadæ\x8c\x81å\x81\x8få¤\x9a']",[],[],[],9,科技,23,0,80,æ«ä¸èæ®,å°æªæç,ä¸­é·æè¶¨å¢å¼·,ä¸­æè¶¨å¢ç¶­æåä¸ | 科技æç¾¤ç¸å°å¼·å¢,ç®åéè½ä»ä¸è¶³ | è·é¢çªç ´ä½ç½®ä»è¼é ,ææ¥è¥çªç ´ 42.10 ä¸éè½åæ­¥æ¾å¤§ï¼å¯è¦çºé²å ´è§¸ç¼ï¼è¥ç´æ¥è·³ç©ºé«æ¼ 42.85ï¼ä¸å»ºè­°è¿½å¹ã,False,113,139,44,35.77,36.5,42.1,42.85,34.27,33.5,6.11,8.22,40.96,43.19,2.0
2327,國巨*,上市,電子零組件業,2327.TW,"被動元件,科技",False,2026-09-24,580.0,566.2,552.2,556.9,626.51,621.01,431.45,52.52,27.93,610.0,520.0,511.0,456.5,4.5,-45.02,0.91,4.15,4.92,11,10,5,5,0.05,-47.16,"['è\x82¡å\x83¹ç«\x99ä¸\x8a20æ\x97¥å\x9d\x87ç·\x9a', 'ä¸\xadç\x9f\xadæ\x9c\x9fè¶¨å\x8b¢ç¶\xadæ\x8c\x81å\x81\x8få¤\x9a']",['è·\x9dçª\x81ç\xa0´ä½\x8dç½®å°\x9aå\x8f¯'],[],['è¿\x9120æ\x97¥è¡¨ç\x8f¾å\x84ªæ\x96¼å¤§ç\x9b¤ 0.0%'],10,被動元件,41,65,55,æ«ä¸èæ®,æçºè§å¯,ä¸­é·æä¸è¬,æ­£å¨æ¥è¿20æ¥å£åå | è¿20æ¥ç¸å°å¤§ç¤å¼· 0.1% | 被動元件æç¾¤ç¸å°å¼·å¢,ä»éè§å¯éæ¥éç¤èæäº¤éç¢ºèª,ææ¥è¥çªç ´ 610.00 ä¸éè½åæ­¥æ¾å¤§ï¼å¯è¦çºé²å ´è§¸ç¼ï¼è¥ç´æ¥è·³ç©ºé«æ¼ 628.30ï¼ä¸å»ºè­°è¿½å¹ã,True,71,51,93,557.66,565.25,610.0,628.3,548.55,496.21,2.96,14.45,598.67,615.37,2.0
2328,廣宇,上市,電子零組件業,2328.TW,連接器 / 高速線材,False,2026-09-24,47.0,47.05,46.37,46.46,46.09,48.14,48.42,54.6,1.07,48.7,44.85,44.85,38.65,0.64,-9.96,0.49,1.17,3.49,17,17,0,0,-3.82,-12.1,"['è\x82¡å\x83¹ç«\x99ä¸\x8a20æ\x97¥å\x9d\x87ç·\x9a', 'MA20ä½\x8dæ\x96¼MA60ä¹\x8bä¸\x8a', 'ä¸\xadç\x9f\xadæ\x9c\x9fè¶¨å\x8b¢ç¶\xadæ\x8c\x81å\x81\x8få¤\x9a']",['æ\x8e¥è¿\x9120æ\x97¥çª\x81ç\xa0´å\x8d\x80'],[],[],13,連接器 / 高速線材,47,48,40,æ«ä¸èæ®,å°æªæç,ä¸­é·æä¸è¬,ä¸­æè¶¨å¢ç¶­æåä¸ | æ­£å¨æ¥è¿20æ¥å£åå | 連接器 / 高速線材æç¾¤ç¸å°å¼·å¢,ç®åéè½ä»ä¸è¶³,ææ¥è¥çªç ´ 48.70 ä¸éè½åæ­¥æ¾å¤§ï¼å¯è¦çºé²å ´è§¸ç¼ï¼è¥ç´æ¥è·³ç©ºé«æ¼ 49.50ï¼ä¸å»ºè­°è¿½å¹ã,False,59,72,109,46.14,47.0,48.7,49.5,45.45,44.71,3.29,4.88,50.1,51.64,2.0
2330,台積電,上市,半導體業,2330.TW,"半導體,AI",False,2026-09-24,2475.0,2475.0,2433.39,2427.88,2394.79,2319.89,1965.85,57.55,38.52,2510.0,2373.01,2368.03,2173.6,3.0,0.7,0.7,1.94,1.39,25,21,0,2,-1.46,-1.44,"['è\x82¡å\x83¹ç«\x99ä¸\x8a20æ\x97¥å\x9d\x87ç·\x9a', 'MA5 > MA10 > MA20ï¼\x8cå¤\x9aé\xa0\xadæ\x8e\x92å\x88\x97', 'MA20ä½\x8dæ\x96¼MA60ä¹\x8bä¸\x8a', 'ä¸\xadç\x9f\xadæ\x9c\x9fè¶¨å\x8b¢ç¶\xadæ\x8c\x81å\x81\x8få¤\x9a']",['é\x9d\x9eå¸¸æ\x8e¥è¿\x9120æ\x97¥çª\x81ç\xa0´'],[],[],14,半導體,62,82,85,æ«ä¸èæ®,æºåé²å ´,ä¸­é·æè¶¨å¢å¼·,ç­æåç·åå¤é ­æå | ä¸­æè¶¨å¢ç¶­æåä¸ | å·²éå¸¸æ¥è¿20æ¥çªç ´ä½ç½® | 半導體æç¾¤ç¸å°å¼·å¢,ç®åéè½ä»ä¸è¶³,ææ¥è¥çªç ´ 2510.00 ä¸éè½åæ­¥æ¾å¤§ï¼å¯è¦çºé²å ´è§¸ç¼ï¼è¥ç´æ¥è·³ç©ºé«æ¼ 2538.89ï¼ä¸å»ºè­°è¿½å¹ã,False,29,32,31,2444.18,2469.89,2510.0,2538.89,2391.46,2359.44,3.18,4.67,2626.75,2705.18,2.0
2337,旺宏,上市,半導體業,2337.TW,Memory,False,2026-09-24,117.0,119.0,118.0,120.8,125.09,139.26,101.75,44.27,5.0,131.0,114.0,114.0,91.8,-8.24,-19.59,0.6,-3.15,10.69,5,0,0,0,-12.69,-21.73,['ä¸\xadç\x9f\xadæ\x9c\x9fè¶¨å\x8b¢ç¶\xadæ\x8c\x81å\x81\x8få¤\x9a'],[],[],[],1,Memory,6,0,15,æ«ä¸èæ®,å°æªæç,ä¸­é·æä¸è¬,Memoryæç¾¤ç¸å°å¼·å¢,ç®åéè½ä»ä¸è¶³ | è·é¢çªç ´ä½ç½®ä»è¼é ,ææ¥è¥çªç ´ 131.00 ä¸éè½åæ­¥æ¾å¤§ï¼å¯è¦çºé²å ´è§¸ç¼ï¼è¥ç´æ¥è·³ç©ºé«æ¼ 134.75ï¼ä¸å»ºè­°è¿½å¹ã,False,151,140,143,116.82,117.0,131.0,134.75,113.43,102.0,3.05,12.82,124.14,127.71,2.0
2344,華邦電,上市,半導體業,2344.TW,Memory,False,2026-09-24,171.5,173.7,169.85,174.55,169.57,154.28,118.03,48.78,8.64,192.0,158.5,158.5,117.0,-7.8,-6.54,0.42,-1.75,10.68,11,0,0,0,-12.25,-8.68,"['MA20ä½\x8dæ\x96¼MA60ä¹\x8bä¸\x8a', 'ä¸\xadç\x9f\xadæ\x9c\x9fè¶¨å\x8b¢ç¶\xadæ\x8c\x81å\x81\x8få¤\x9a']",[],[],[],1,Memory,12,0,55,æ«ä¸èæ®,å°æªæç,ä¸­é·æä¸è¬,ä¸­æè¶¨å¢ç¶­æåä¸ | Memoryæç¾¤ç¸å°å¼·å¢,ç®åéè½ä»ä¸è¶³ | è·é¢çªç ´ä½ç½®ä»è¼é ,ææ¥è¥çªç ´ 192.00 ä¸éè½åæ­¥æ¾å¤§ï¼å¯è¦çºé²å ´è§¸ç¼ï¼è¥ç´æ¥è·³ç©ºé«æ¼ 197.76ï¼ä¸å»ºè­°è¿½å¹ã,False,145,137,84,168.07,171.5,192.0,197.76,157.71,164.48,8.04,4.09,199.08,212.88,2.0
2345,智邦,上市,通信網路業,2345.TW,"高速網通,AI,科技",False,2026-09-24,1895.0,1879.0,1863.5,1968.25,2146.83,2241.34,1712.68,42.63,82.86,2235.0,1790.0,1790.0,1790.0,-9.33,-30.55,0.73,-3.72,15.21,5,0,0,0,-13.79,-32.68,['ä¸\xadç\x9f\xadæ\x9c\x9fè¶¨å\x8b¢ç¶\xadæ\x8c\x81å\x81\x8få¤\x9a'],[],[],[],9,AI,14,10,15,æ«ä¸èæ®,å°æªæç,ä¸­é·æä¸è¬,AIæç¾¤ç¸å°å¼·å¢,ç®åéè½ä»ä¸è¶³ | è·é¢çªç ´ä½ç½®ä»è¼é ,ææ¥è¥çªç ´ 2235.00 ä¸éè½åæ­¥æ¾å¤§ï¼å¯è¦çºé²å ´è§¸ç¼ï¼è¥ç´æ¥è·³ç©ºé«æ¼ 2297.14ï¼ä¸å»ºè­°è¿½å¹ã,False,139,116,146,1844.87,1891.45,2235.0,2297.14,1781.05,1772.1,5.84,6.49,2112.26,2222.66,2.0
2354,鴻準,上市,其他電子業,2354.TW,"機殼 / 機構件,機器人 / 自動化",False,2026-09-24,65.9,65.6,65.45,65.21,60.55,57.92,58.95,59.54,1.76,69.0,63.3,61.6,51.2,2.33,20.04,0.49,1.05,4.49,25,10,0,8,-2.13,17.9,"['è\x82¡å\x83¹ç«\x99ä¸\x8a20æ\x97¥å\x9d\x87ç·\x9a', 'MA5 > MA10 > MA20ï¼\x8cå¤\x9aé\xa0\xadæ\x8e\x92å\x88\x97', 'MA20ä½\x8dæ\x96¼MA60ä¹\x8bä¸\x8a', 'ä¸\xadç\x9f\xadæ\x9c\x9fè¶¨å\x8b¢ç¶\xadæ\x8c\x81å\x81\x8få¤\x9a']",['è·\x9dçª\x81ç\xa0´ä½\x8dç½®å°\x9aå\x8f¯'],[],[],6,機器人 / 自動化,49,50,75,æ«ä¸èæ®,å°æªæç,ä¸­é·ææçºè¿½è¹¤,ç­æåç·åå¤é ­æå | ä¸­æè¶¨å¢ç¶­æåä¸ | æ­£å¨æ¥è¿20æ¥å£åå | 機器人 / 自動化æç¾¤ç¸å°å¼·å¢,ç®åéè½ä»ä¸è¶³,ææ¥è¥çªç ´ 69.00 ä¸éè½åæ­¥æ¾å¤§ï¼å¯è¦çºé²å ´è§¸ç¼ï¼è¥ç´æ¥è·³ç©ºé«æ¼ 70.32ï¼ä¸å»ºè­°è¿½å¹ã,True,55,67,51,64.8,65.9,69.0,70.32,63.82,60.62,3.15,8.01,70.05,72.13,2.0
2355,敬鵬,上市,電子零組件業,2355.TW,PCB / CCL / ABF,False,2026-09-24,41.7,41.42,41.16,42.08,42.7,48.52,41.98,48.2,0.83,45.5,40.25,40.25,34.3,-6.08,-19.27,0.85,-0.89,8.35,5,0,5,0,-10.54,-21.41,['ä¸\xadç\x9f\xadæ\x9c\x9fè¶¨å\x8b¢ç¶\xadæ\x8c\x81å\x81\x8få¤\x9a'],[],[],[],7,PCB / CCL / ABF,17,10,15,æ«ä¸èæ®,å°æªæç,ä¸­é·æä¸è¬,PCB / CCL / ABFæç¾¤ç¸å°å¼·å¢,è·é¢çªç ´ä½ç½®ä»è¼é ,ææ¥è¥çªç ´ 45.50 ä¸éè½åæ­¥æ¾å¤§ï¼å¯è¦çºé²å ´è§¸ç¼ï¼è¥ç´æ¥è·³ç©ºé«æ¼ 46.12ï¼ä¸å»ºè­°è¿½å¹ã,False,124,110,142,41.66,41.7,45.5,46.12,41.03,41.42,1.6,0.67,43.03,43.7,2.0
2356,英業達,上市,電腦及週邊設備業,2356.TW,"AI Server,AI PC,AI,科技",False,2026-09-24,59.9,61.12,61.3,63.36,63.81,59.9,51.2,36.89,1.76,68.4,60.5,60.5,56.8,-8.69,-7.97,0.66,-5.47,12.43,5,0,0,0,-13.15,-10.11,['ä¸\xadç\x9f\xadæ\x9c\x9fè¶¨å\x8b¢ç¶\xadæ\x8c\x81å\x81\x8få¤\x9a'],[],[],[],9,AI,14,0,35,æ«ä¸èæ®,å°æªæç,ä¸­é·æä¸è¬,AIæç¾¤ç¸å°å¼·å¢,ç®åéè½ä»ä¸è¶³ | è·é¢çªç ´ä½ç½®ä»è¼é ,ææ¥è¥çªç ´ 68.40 ä¸éè½åæ­¥æ¾å¤§ï¼å¯è¦çºé²å ´è§¸ç¼ï¼è¥ç´æ¥è·³ç©ºé«æ¼ 69.72ï¼ä¸å»ºè­°è¿½å¹ã,False,140,141,120,58.7,59.9,68.4,69.72,56.06,56.23,6.41,6.12,67.58,71.41,2.0
2357,華碩,上市,電腦及週邊設備業,2357.TW,"AI Server,AI PC,AI,科技",False,2026-09-24,953.0,954.0,944.3,967.9,856.72,753.88,651.53,53.18,29.0,1030.0,900.0,900.0,642.0,-1.55,42.88,0.39,-1.54,7.48,11,0,0,6,-6.01,40.74,"['MA20ä½\x8dæ\x96¼MA60ä¹\x8bä¸\x8a', 'ä¸\xadç\x9f\xadæ\x9c\x9fè¶¨å\x8b¢ç¶\xadæ\x8c\x81å\x81\x8få¤\x9a']",[],[],[],9,AI,26,0,80,æ«ä¸èæ®,å°æªæç,ä¸­é·æè¶¨å¢å¼·,ä¸­æè¶¨å¢ç¶­æåä¸ | AIæç¾¤ç¸å°å¼·å¢,ç®åéè½ä»ä¸è¶³ | è·é¢çªç ´ä½ç½®ä»è¼é ,ææ¥è¥çªç ´ 1030.00 ä¸éè½åæ­¥æ¾å¤§ï¼å¯è¦çºé²å ´è§¸ç¼ï¼è¥ç´æ¥è·³ç©ºé«æ¼ 1051.75ï¼ä¸å»ºè­°è¿½å¹ã,False,103,128,36,933.94,953.0,1030.0,1051.75,895.5,866.0,6.03,9.13,1068.0,1125.5,2.0
2368,金像電,上市,電子零組件業,2368.TW,"PCB / CCL / ABF,AI,科技",False,2026-09-24,1105.0,1070.0,1031.4,1074.7,1013.37,1154.24,900.82,55.28,69.29,1245.0,950.0,950.0,705.0,7.28,-10.53,1.72,2.82,11.24,17,0,18,5,2.82,-12.67,"['è\x82¡å\x83¹ç«\x99ä¸\x8a20æ\x97¥å\x9d\x87ç·\x9a', 'MA20ä½\x8dæ\x96¼MA60ä¹\x8bä¸\x8a', 'ä¸\xadç\x9f\xadæ\x9c\x9fè¶¨å\x8b¢ç¶\xadæ\x8c\x81å\x81\x8få¤\x9a']",[],['æ\x88\x90äº¤é\x87\x8fæ\x98\x8eé¡¯æ\x94¾å¤§'],['è¿\x9120æ\x97¥è¡¨ç\x8f¾å\x84ªæ\x96¼å¤§ç\x9b¤ 2.8%'],9,AI,49,35,45,æ«ä¸èæ®,å°æªæç,ä¸­é·æä¸è¬,ä¸­æè¶¨å¢ç¶­æåä¸ | æäº¤éæ¾å¤§è³20æ¥åé 1.72 å | è¿20æ¥ç¸å°å¤§ç¤å¼· 2.8% | AIæç¾¤ç¸å°å¼·å¢,è·é¢çªç ´ä½ç½®ä»è¼é ,ææ¥è¥çªç ´ 1245.00 ä¸éè½åæ­¥æ¾å¤§ï¼å¯è¦çºé²å ´è§¸ç¼ï¼è¥ç´æ¥è·³ç©ºé«æ¼ 1282.35ï¼ä¸å»ºè­°è¿½å¹ã,True,53,79,99,1063.95,1090.82,1245.0,1282.35,1047.99,982.97,3.93,11.04,1176.47,1219.3,2.0
2375,凱美,上市,電子零組件業,2375.TW,被動元件,False,2026-09-24,117.5,118.4,118.55,121.78,134.71,133.0,110.78,42.07,4.96,143.0,114.5,114.5,102.49,-9.96,-45.32,0.33,-3.51,17.83,5,0,0,0,-14.42,-47.46,['ä¸\xadç\x9f\xadæ\x9c\x9fè¶¨å\x8b¢ç¶\xadæ\x8c\x81å\x81\x8få¤\x9a'],[],[],[],10,被動元件,15,10,45,æ«ä¸èæ®,å°æªæç,ä¸­é·æä¸è¬,被動元件æç¾¤ç¸å°å¼·å¢,ç®åéè½ä»ä¸è¶³ | è·é¢çªç ´ä½ç½®ä»è¼é ,ææ¥è¥çªç ´ 143.00 ä¸éè½åæ­¥æ¾å¤§ï¼å¯è¦çºé²å ´è§¸ç¼ï¼è¥ç´æ¥è·³ç©ºé«æ¼ 146.72ï¼ä¸å»ºè­°è¿½å¹ã,False,135,118,107,117.36,117.5,143.0,146.72,113.93,102.62,3.04,12.66,124.65,128.22,2.0
2376,技嘉,上市,電腦及週邊設備業,2376.TW,"AI Server,AI PC,AI,科技",False,2026-09-24,361.5,363.4,355.8,355.98,343.52,325.07,282.47,55.34,9.93,376.0,341.0,341.0,300.87,4.78,10.74,0.66,1.55,3.86,17,17,0,10,0.33,8.61,"['è\x82¡å\x83¹ç«\x99ä¸\x8a20æ\x97¥å\x9d\x87ç·\x9a', 'MA20ä½\x8dæ\x96¼MA60ä¹\x8bä¸\x8a', 'ä¸\xadç\x9f\xadæ\x9c\x9fè¶¨å\x8b¢ç¶\xadæ\x8c\x81å\x81\x8få¤\x9a']",['æ\x8e¥è¿\x9120æ\x97¥çª\x81ç\xa0´å\x8d\x80'],[],['è¿\x9120æ\x97¥è¡¨ç\x8f¾å\x84ªæ\x96¼å¤§ç\x9b¤ 0.3%'],9,AI,53,53,90,æ«ä¸èæ®,å°æªæç,ä¸­é·æè¶¨å¢å¼·,ä¸­æè¶¨å¢ç¶­æåä¸ | æ­£å¨æ¥è¿20æ¥å£åå | è¿20æ¥ç¸å°å¤§ç¤å¼· 0.3% | AIæç¾¤ç¸å°å¼·å¢,ç®åéè½ä»ä¸è¶³,ææ¥è¥çªç ´ 376.00 ä¸éè½åæ­¥æ¾å¤§ï¼å¯è¦çºé²å ´è§¸ç¼ï¼è¥ç´æ¥è·³ç©ºé«æ¼ 383.45ï¼ä¸å»ºè­°è¿½å¹ã,False,45,64,24,353.56,361.32,376.0,383.45,348.25,333.21,3.62,7.82,387.45,400.52,2.0
2379,瑞昱,上市,半導體業,2379.TW,IC Design,False,2026-09-24,749.0,746.4,728.7,714.29,717.07,656.29,571.62,59.64,27.56,794.0,686.0,680.0,632.54,6.25,-4.37,1.0,4.86,5.67,19,10,10,5,1.79,-6.5,"['è\x82¡å\x83¹ç«\x99ä¸\x8a20æ\x97¥å\x9d\x87ç·\x9a', 'MA5 > MA10 > MA20ï¼\x8cå¤\x9aé\xa0\xadæ\x8e\x92å\x88\x97', 'ä¸\xadç\x9f\xadæ\x9c\x9fè¶¨å\x8b¢ç¶\xadæ\x8c\x81å\x81\x8få¤\x9a']",['è·\x9dçª\x81ç\xa0´ä½\x8dç½®å°\x9aå\x8f¯'],['æ\x88\x90äº¤é\x87\x8fé«\x98æ\x96¼20æ\x97¥å\x9d\x87é\x87\x8f'],['è¿\x9120æ\x97¥è¡¨ç\x8f¾å\x84ªæ\x96¼å¤§ç\x9b¤ 1.8%'],12,IC Design,56,85,55,æ«ä¸èæ®,æºåé²å ´,ä¸­é·æä¸è¬,ç­æåç·åå¤é ­æå | è¿20æ¥ç¸å°å¤§ç¤å¼· 1.8% | IC Designæç¾¤ç¸å°å¼·å¢,ä»éè§å¯éæ¥éç¤èæäº¤éç¢ºèª,ææ¥è¥çªç ´ 794.00 ä¸éè½åæ­¥æ¾å¤§ï¼å¯è¦çºé²å ´è§¸ç¼ï¼è¥ç´æ¥è·³ç©ºé«æ¼ 814.67ï¼ä¸å»ºè­°è¿½å¹ã,True,37,27,80,726.95,739.63,794.0,814.67,703.58,695.56,4.87,7.14,811.74,847.8,2.0
2382,廣達,上市,電腦及週邊設備業,2382.TW,"AI Server,AI,科技",False,2026-09-24,338.5,341.9,339.6,338.98,332.09,330.4,301.78,51.94,8.82,351.5,328.5,326.0,279.0,1.5,-4.35,0.64,-0.14,3.7,19,17,0,2,-2.96,-6.49,"['MA5 > MA10 > MA20ï¼\x8cå¤\x9aé\xa0\xadæ\x8e\x92å\x88\x97', 'MA20ä½\x8dæ\x96¼MA60ä¹\x8bä¸\x8a', 'ä¸\xadç\x9f\xadæ\x9c\x9fè¶¨å\x8b¢ç¶\xadæ\x8c\x81å\x81\x8få¤\x9a']",['æ\x8e¥è¿\x9120æ\x97¥çª\x81ç\xa0´å\x8d\x80'],[],[],9,AI,47,38,55,æ«ä¸èæ®,å°æªæç,ä¸­é·æä¸è¬,ç­æåç·åå¤é ­æå | ä¸­æè¶¨å¢ç¶­æåä¸ | æ­£å¨æ¥è¿20æ¥å£åå | AIæç¾¤ç¸å°å¼·å¢,ç®åéè½ä»ä¸è¶³,ææ¥è¥çªç ´ 351.50 ä¸éè½åæ­¥æ¾å¤§ï¼å¯è¦çºé²å ´è§¸ç¼ï¼è¥ç´æ¥è·³ç©ºé«æ¼ 358.12ï¼ä¸å»ºè­°è¿½å¹ã,False,58,78,79,336.2,338.5,351.5,358.12,331.16,322.13,2.17,4.84,353.18,360.52,2.0
2383,台光電,上市,電子零組件業,2383.TW,"PCB / CCL / ABF,AI,科技",False,2026-09-24,5050.0,4943.0,5032.0,5233.5,5241.28,4981.98,3371.12,45.07,250.36,5932.91,4635.0,4635.0,3912.14,-7.76,-10.29,1.18,-3.51,14.88,5,0,10,0,-12.22,-12.43,['ä¸\xadç\x9f\xadæ\x9c\x9fè¶¨å\x8b¢ç¶\xadæ\x8c\x81å\x81\x8få¤\x9a'],[],['æ\x88\x90äº¤é\x87\x8fé«\x98æ\x96¼20æ\x97¥å\x9d\x87é\x87\x8f'],[],9,AI,24,10,35,æ«ä¸èæ®,å°æªæç,ä¸­é·æä¸è¬,AIæç¾¤ç¸å°å¼·å¢,è·é¢çªç ´ä½ç½®ä»è¼é ,ææ¥è¥çªç ´ 5932.91 ä¸éè½åæ­¥æ¾å¤§ï¼å¯è¦çºé²å ´è§¸ç¼ï¼è¥ç´æ¥è·³ç©ºé«æ¼ 6110.90ï¼ä¸å»ºè­°è¿½å¹ã,False,106,113,123,4981.68,5050.0,5932.91,6110.9,4611.82,4298.92,8.68,14.87,5926.35,6364.53,2.0
2392,正崴,上市,電子零組件業,2392.TW,"連接器 / 高速線材,Apple",False,2026-09-24,41.85,42.79,42.29,43.4,39.72,38.31,38.81,47.78,1.65,48.6,40.35,40.35,32.6,-10.29,13.62,0.39,-3.58,13.89,11,0,0,5,-14.75,11.48,"['MA20ä½\x8dæ\x96¼MA60ä¹\x8bä¸\x8a', 'ä¸\xadç\x9f\xadæ\x9c\x9fè¶¨å\x8b¢ç¶\xadæ\x8c\x81å\x81\x8få¤\x9a']",[],[],[],13,連接器 / 高速線材,29,10,75,æ«ä¸èæ®,å°æªæç,ä¸­é·ææçºè¿½è¹¤,ä¸­æè¶¨å¢ç¶­æåä¸ | 連接器 / 高速線材æç¾¤ç¸å°å¼·å¢,ç®åéè½ä»ä¸è¶³ | è·é¢çªç ´ä½ç½®ä»è¼é ,ææ¥è¥çªç ´ 48.60 ä¸éè½åæ­¥æ¾å¤§ï¼å¯è¦çºé²å ´è§¸ç¼ï¼è¥ç´æ¥è·³ç©ºé«æ¼ 49.84ï¼ä¸å»ºè­°è¿½å¹ã,False,90,119,52,41.01,41.85,48.6,49.84,40.15,38.53,4.07,7.94,45.25,46.96,2.0
2395,研華,上市,電腦及週邊設備業,2395.TW,"機器人 / 自動化,工業電腦 / Edge AI",False,2026-09-24,722.0,704.4,693.2,685.75,625.87,529.96,414.75,63.24,26.14,727.0,647.0,645.0,482.62,6.96,44.61,0.92,5.29,0.69,25,23,5,11,2.51,42.47,"['è\x82¡å\x83¹ç«\x99ä¸\x8a20æ\x97¥å\x9d\x87ç·\x9a', 'MA5 > MA10 > MA20ï¼\x8cå¤\x9aé\xa0\xadæ\x8e\x92å\x88\x97', 'MA20ä½\x8dæ\x96¼MA60ä¹\x8bä¸\x8a', 'ä¸\xadç\x9f\xadæ\x9c\x9fè¶¨å\x8b¢ç¶\xadæ\x8c\x81å\x81\x8få¤\x9a']",['è·\x9d20æ\x97¥çª\x81ç\xa0´å\x83¹ä¸\x8då\x88°1%'],[],['è¿\x9120æ\x97¥è¡¨ç\x8f¾å\x84ªæ\x96¼å¤§ç\x9b¤ 2.5%'],8,工業電腦 / Edge AI,72,90,90,ç­å¾ææ¥ç¢ºèª,æºåé²å ´,ä¸­é·æè¶¨å¢å¼·,ç­æåç·åå¤é ­æå | ä¸­æè¶¨å¢ç¶­æåä¸ | å·²éå¸¸æ¥è¿20æ¥çªç ´ä½ç½® | è¿20æ¥ç¸å°å¤§ç¤å¼· 2.5% | 工業電腦 / Edge AIæç¾¤ç¸å°å¼·å¢,ä»éè§å¯éæ¥éç¤èæäº¤éç¢ºèª,ææ¥è¥çªç ´ 727.00 ä¸éè½åæ­¥æ¾å¤§ï¼å¯è¦çºé²å ´è§¸ç¼ï¼è¥ç´æ¥è·³ç©ºé«æ¼ 746.61ï¼ä¸å»ºè­°è¿½å¹ã,True,9,15,19,701.09,703.6,727.0,746.61,675.46,643.58,4.0,10.86,759.87,788.0,2.0
2408,南亞科,上市,半導體業,2408.TW,Memory,False,2026-09-24,503.0,511.2,496.8,507.32,468.11,393.18,293.82,50.98,23.18,569.0,465.5,465.5,322.0,-7.02,23.98,0.63,-0.85,11.6,11,0,0,6,-11.48,21.85,"['MA20ä½\x8dæ\x96¼MA60ä¹\x8bä¸\x8a', 'ä¸\xadç\x9f\xadæ\x9c\x9fè¶¨å\x8b¢ç¶\xadæ\x8c\x81å\x81\x8få¤\x9a']",[],[],[],1,Memory,18,0,80,æ«ä¸èæ®,å°æªæç,ä¸­é·æè¶¨å¢å¼·,ä¸­æè¶¨å¢ç¶­æåä¸ | Memoryæç¾¤ç¸å°å¼·å¢,ç®åéè½ä»ä¸è¶³ | è·é¢çªç ´ä½ç½®ä»è¼é ,ææ¥è¥çªç ´ 569.00 ä¸éè½åæ­¥æ¾å¤§ï¼å¯è¦çºé²å ´è§¸ç¼ï¼è¥ç´æ¥è·³ç©ºé«æ¼ 586.07ï¼ä¸å»ºè­°è¿½å¹ã,False,122,134,39,502.25,503.0,569.0,586.07,494.71,454.07,1.65,9.73,519.57,527.86,2.0
2421,建準,上市,電子零組件業,2421.TW,散熱,False,2026-09-24,167.0,166.1,163.85,167.05,149.27,147.03,146.5,56.4,5.93,184.0,158.0,152.0,118.5,4.7,12.84,0.37,-0.03,9.24,11,0,0,10,0.24,10.7,"['MA20ä½\x8dæ\x96¼MA60ä¹\x8bä¸\x8a', 'ä¸\xadç\x9f\xadæ\x9c\x9fè¶¨å\x8b¢ç¶\xadæ\x8c\x81å\x81\x8få¤\x9a']",[],[],['è¿\x9120æ\x97¥è¡¨ç\x8f¾å\x84ªæ\x96¼å¤§ç\x9b¤ 0.2%'],15,散熱,36,25,90,æ«ä¸èæ®,å°æªæç,ä¸­é·æè¶¨å¢å¼·,ä¸­æè¶¨å¢ç¶­æåä¸ | è¿20æ¥ç¸å°å¤§ç¤å¼· 0.2% | 散熱æç¾¤ç¸å°å¼·å¢,ç®åéè½ä»ä¸è¶³ | è·é¢çªç ´ä½ç½®ä»è¼é ,ææ¥è¥çªç ´ 184.00 ä¸éè½åæ­¥æ¾å¤§ï¼å¯è¦çºé²å ´è§¸ç¼ï¼è¥ç´æ¥è·³ç©ºé«æ¼ 188.45ï¼ä¸å»ºè­°è¿½å¹ã,False,79,90,23,165.38,167.0,184.0,188.45,162.9,149.21,2.46,10.65,175.2,179.3,2.0
2449,京元電子,上市,半導體業,2449.TW,"半導體,先進封裝,測試介面",False,2026-09-24,311.0,305.0,283.3,275.77,264.49,275.86,254.48,66.04,14.0,330.0,253.0,243.0,195.0,25.66,-5.67,0.91,12.77,5.76,25,10,5,9,21.2,-7.81,"['è\x82¡å\x83¹ç«\x99ä¸\x8a20æ\x97¥å\x9d\x87ç·\x9a', 'MA5 > MA10 > MA20ï¼\x8cå¤\x9aé\xa0\xadæ\x8e\x92å\x88\x97', 'MA20ä½\x8dæ\x96¼MA60ä¹\x8bä¸\x8a', 'ä¸\xadç\x9f\xadæ\x9c\x9fè¶¨å\x8b¢ç¶\xadæ\x8c\x81å\x81\x8få¤\x9a']",['è·\x9dçª\x81ç\xa0´ä½\x8dç½®å°\x9aå\x8f¯'],[],['è¿\x9120æ\x97¥è¡¨ç\x8f¾å\x84ªæ\x96¼å¤§ç\x9b¤ 21.2%'],14,半導體,51,85,55,éç±ï¼ä¸è¿½å¹,æºåé²å ´,ä¸­é·æä¸è¬,ç­æåç·åå¤é ­æå | ä¸­æè¶¨å¢ç¶­æåä¸ | è¿20æ¥ç¸å°å¤§ç¤å¼· 21.2% | 半導體æç¾¤ç¸å°å¼·å¢,è¡å¹èMA20ä¹é¢éå¤§,ææ¥è¥çªç ´ 330.00 ä¸éè½åæ­¥æ¾å¤§ï¼å¯è¦çºé²å ´è§¸ç¼ï¼è¥ç´æ¥è·³ç©ºé«æ¼ 339.90ï¼ä¸å»ºè­°è¿½å¹ã,True,49,24,82,304.78,311.0,330.0,339.9,283.78,269.0,8.75,13.5,365.44,392.66,2.0
2451,創見,上市,半導體業,2451.TW,"Memory,AI PC",False,2026-09-24,284.5,284.6,280.6,285.1,276.81,280.18,235.25,49.91,6.93,304.5,270.0,270.0,216.0,-4.53,10.27,0.53,-0.21,6.57,11,10,0,5,-8.99,8.13,"['MA20ä½\x8dæ\x96¼MA60ä¹\x8bä¸\x8a', 'ä¸\xadç\x9f\xadæ\x9c\x9fè¶¨å\x8b¢ç¶\xadæ\x8c\x81å\x81\x8få¤\x9a']",['è·\x9dçª\x81ç\xa0´ä½\x8dç½®å°\x9aå\x8f¯'],[],[],4,AI PC,30,10,60,æ«ä¸èæ®,å°æªæç,ä¸­é·æä¸è¬,ä¸­æè¶¨å¢ç¶­æåä¸ | AI PCæç¾¤ç¸å°å¼·å¢,ç®åéè½ä»ä¸è¶³,ææ¥è¥çªç ´ 304.50 ä¸éè½åæ­¥æ¾å¤§ï¼å¯è¦çºé²å ´è§¸ç¼ï¼è¥ç´æ¥è·³ç©ºé«æ¼ 309.70ï¼ä¸å»ºè­°è¿½å¹ã,False,88,105,74,282.25,284.5,304.5,309.7,278.02,268.51,2.28,5.62,297.47,303.95,2.0
2454,聯發科,上市,半導體業,2454.TW,"IC Design,AI",False,2026-09-24,5285.0,5074.0,4797.5,4602.25,4075.18,3757.89,2611.47,73.85,235.71,5480.0,4430.0,3820.0,2990.0,36.74,22.36,0.92,14.84,3.56,25,17,5,15,32.28,20.22,"['è\x82¡å\x83¹ç«\x99ä¸\x8a20æ\x97¥å\x9d\x87ç·\x9a', 'MA5 > MA10 > MA20ï¼\x8cå¤\x9aé\xa0\xadæ\x8e\x92å\x88\x97', 'MA20ä½\x8dæ\x96¼MA60ä¹\x8bä¸\x8a', 'ä¸\xadç\x9f\xadæ\x9c\x9fè¶¨å\x8b¢ç¶\xadæ\x8c\x81å\x81\x8få¤\x9a']",['æ\x8e¥è¿\x9120æ\x97¥çª\x81ç\xa0´å\x8d\x80'],[],['è¿\x9120æ\x97¥è¡¨ç\x8f¾å\x84ªæ\x96¼å¤§ç\x9b¤ 32.3%'],12,IC Design,55,93,100,éç±ï¼ä¸è¿½å¹,æºåé²å ´,ä¸­é·æè¶¨å¢å¼·,ç­æåç·åå¤é ­æå | ä¸­æè¶¨å¢ç¶­æåä¸ | æ­£å¨æ¥è¿20æ¥å£åå | è¿20æ¥ç¸å°å¤§ç¤å¼· 32.3% | IC Designæç¾¤ç¸å°å¼·å¢,RSIåé«ï¼æ³¨æéæ¥è¿½å¹é¢¨éª | è¡å¹èMA20ä¹é¢éå¤§,ææ¥è¥çªç ´ 5480.00 ä¸éè½åæ­¥æ¾å¤§ï¼å¯è¦çºé²å ´è§¸ç¼ï¼è¥ç´æ¥è·³ç©ºé«æ¼ 5644.40ï¼ä¸å»ºè­°è¿½å¹ã,True,40,10,7,5179.3,5285.0,5480.0,5644.4,4825.74,4577.87,8.69,13.38,6203.53,6662.79,2.0
2464,盟立,上市,其他電子業,2464.TW,機器人 / 自動化,False,2026-09-24,195.5,194.1,187.3,192.48,174.14,153.71,109.69,54.11,11.07,224.0,173.0,173.0,117.7,-7.11,6.81,0.83,1.57,12.72,17,0,5,3,-11.57,4.67,"['è\x82¡å\x83¹ç«\x99ä¸\x8a20æ\x97¥å\x9d\x87ç·\x9a', 'MA20ä½\x8dæ\x96¼MA60ä¹\x8bä¸\x8a', 'ä¸\xadç\x9f\xadæ\x9c\x9fè¶¨å\x8b¢ç¶\xadæ\x8c\x81å\x81\x8få¤\x9a']",[],[],[],6,機器人 / 自動化,31,30,90,æ«ä¸èæ®,å°æªæç,ä¸­é·æè¶¨å¢å¼·,ä¸­æè¶¨å¢ç¶­æåä¸ | 機器人 / 自動化æç¾¤ç¸å°å¼·å¢,è·é¢çªç ´ä½ç½®ä»è¼é ,ææ¥è¥çªç ´ 224.00 ä¸éè½åæ­¥æ¾å¤§ï¼å¯è¦çºé²å ´è§¸ç¼ï¼è¥ç´æ¥è·³ç©ºé«æ¼ 230.72ï¼ä¸å»ºè­°è¿½å¹ã,True,86,85,26,190.56,195.37,224.0,230.72,187.7,168.92,3.93,13.6,210.71,218.38,2.0
2467,志聖,上市,電子零組件業,2467.TW,"先進封裝,半導體設備",False,2026-09-24,529.0,526.6,527.6,565.75,552.15,563.43,407.5,43.34,22.29,643.0,515.0,515.0,430.0,-9.57,-19.6,0.59,-6.5,17.73,11,0,0,0,-14.03,-21.74,"['MA20ä½\x8dæ\x96¼MA60ä¹\x8bä¸\x8a', 'ä¸\xadç\x9f\xadæ\x9c\x9fè¶¨å\x8b¢ç¶\xadæ\x8c\x81å\x81\x8få¤\x9a']",[],[],[],10,先進封裝,21,10,45,æ«ä¸èæ®,å°æªæç,ä¸­é·æä¸è¬,ä¸­æè¶¨å¢ç¶­æåä¸ | 先進封裝æç¾¤ç¸å°å¼·å¢,ç®åéè½ä»ä¸è¶³ | è·é¢çªç ´ä½ç½®ä»è¼é ,ææ¥è¥çªç ´ 643.00 ä¸éè½åæ­¥æ¾å¤§ï¼å¯è¦çºé²å ´è§¸ç¼ï¼è¥ç´æ¥è·³ç©ºé«æ¼ 659.72ï¼ä¸å»ºè­°è¿½å¹ã,False,117,117,104,522.32,529.0,643.0,659.72,512.42,462.13,3.13,12.64,562.15,578.73,2.0
2474,可成,上市,其他電子業,2474.TW,"機殼 / 機構件,Apple",False,2026-09-24,206.5,209.2,207.45,207.68,198.87,199.3,193.72,51.58,3.25,214.5,202.0,202.0,177.0,-0.48,6.13,0.7,-0.57,3.73,11,17,0,3,-4.94,3.99,"['MA20ä½\x8dæ\x96¼MA60ä¹\x8bä¸\x8a', 'ä¸\xadç\x9f\xadæ\x9c\x9fè¶¨å\x8b¢ç¶\xadæ\x8c\x81å\x81\x8få¤\x9a']",['æ\x8e¥è¿\x9120æ\x97¥çª\x81ç\xa0´å\x8d\x80'],[],[],4,Apple,35,28,60,æ«ä¸èæ®,å°æªæç,ä¸­é·æä¸è¬,ä¸­æè¶¨å¢ç¶­æåä¸ | æ­£å¨æ¥è¿20æ¥å£åå | Appleæç¾¤ç¸å°å¼·å¢,ç®åéè½ä»ä¸è¶³,ææ¥è¥çªç ´ 214.50 ä¸éè½åæ­¥æ¾å¤§ï¼å¯è¦çºé²å ´è§¸ç¼ï¼è¥ç´æ¥è·³ç©ºé«æ¼ 216.94ï¼ä¸å»ºè­°è¿½å¹ã,False,80,87,76,205.6,206.5,214.5,216.94,202.52,196.75,1.93,4.72,214.46,218.44,2.0
2478,大毅,上市,電子零組件業,2478.TW,被動元件,False,2026-09-24,120.0,120.0,119.25,121.22,132.94,128.85,95.25,46.47,5.04,136.0,114.0,114.0,97.9,-4.0,-46.78,0.38,-1.01,11.76,5,0,0,0,-8.46,-48.92,['ä¸\xadç\x9f\xadæ\x9c\x9fè¶¨å\x8b¢ç¶\xadæ\x8c\x81å\x81\x8få¤\x9a'],[],[],[],10,被動元件,15,10,45,æ«ä¸èæ®,å°æªæç,ä¸­é·æä¸è¬,被動元件æç¾¤ç¸å°å¼·å¢,ç®åéè½ä»ä¸è¶³ | è·é¢çªç ´ä½ç½®ä»è¼é ,ææ¥è¥çªç ´ 136.00 ä¸éè½åæ­¥æ¾å¤§ï¼å¯è¦çºé²å ´è§¸ç¼ï¼è¥ç´æ¥è·³ç©ºé«æ¼ 139.78ï¼ä¸å»ºè­°è¿½å¹ã,False,134,103,108,117.6,120.0,136.0,139.78,113.43,104.88,5.48,12.6,133.14,139.71,2.0
2492,華新科,上市,電子零組件業,2492.TW,被動元件,False,2026-09-24,311.5,309.3,306.8,306.85,313.54,310.03,216.77,52.48,19.46,344.0,291.0,264.5,198.5,9.3,-44.18,0.53,1.52,9.45,11,0,0,5,4.84,-46.32,"['è\x82¡å\x83¹ç«\x99ä¸\x8a20æ\x97¥å\x9d\x87ç·\x9a', 'ä¸\xadç\x9f\xadæ\x9c\x9fè¶¨å\x8b¢ç¶\xadæ\x8c\x81å\x81\x8få¤\x9a']",[],[],['è¿\x9120æ\x97¥è¡¨ç\x8f¾å\x84ªæ\x96¼å¤§ç\x9b¤ 4.8%'],10,被動元件,26,45,55,æ«ä¸èæ®,å°æªæç,ä¸­é·æä¸è¬,è¿20æ¥ç¸å°å¤§ç¤å¼· 4.8% | 被動元件æç¾¤ç¸å°å¼·å¢,ç®åéè½ä»ä¸è¶³ | è·é¢çªç ´ä½ç½®ä»è¼é ,ææ¥è¥çªç ´ 344.00 ä¸éè½åæ­¥æ¾å¤§ï¼å¯è¦çºé²å ´è§¸ç¼ï¼è¥ç´æ¥è·³ç©ºé«æ¼ 354.32ï¼ä¸å»ºè­°è¿½å¹ã,True,99,73,92,303.78,311.45,344.0,354.32,299.22,304.13,3.93,2.36,335.91,348.14,2.0
3008,大立光,上市,光電業,3008.TW,"Apple,科技",False,2026-09-24,6245.0,6334.0,6262.5,6701.5,5222.26,4317.42,3273.01,51.11,393.21,7995.0,5930.0,5930.0,3636.78,-9.69,46.73,0.5,-6.81,21.89,11,0,0,6,-14.15,44.59,"['MA20ä½\x8dæ\x96¼MA60ä¹\x8bä¸\x8a', 'ä¸\xadç\x9f\xadæ\x9c\x9fè¶¨å\x8b¢ç¶\xadæ\x8c\x81å\x81\x8få¤\x9a']",[],[],[],9,科技,26,0,80,æ«ä¸èæ®,å°æªæç,ä¸­é·æè¶¨å¢å¼·,ä¸­æè¶¨å¢ç¶­æåä¸ | 科技æç¾¤ç¸å°å¼·å¢,ç®åéè½ä»ä¸è¶³ | è·é¢çªç ´ä½ç½®ä»è¼é ,ææ¥è¥çªç ´ 7995.00 ä¸éè½åæ­¥æ¾å¤§ï¼å¯è¦çºé²å ´è§¸ç¼ï¼è¥ç´æ¥è·³ç©ºé«æ¼ 8234.85ï¼ä¸å»ºè­°è¿½å¹ã,False,101,146,35,6199.88,6245.0,7995.0,8234.85,5900.35,5065.59,5.52,18.89,6934.3,7278.95,2.0
3013,晟銘電,上市,電腦及週邊設備業,3013.TW,"AI Server,機殼 / 機構件",False,2026-09-24,84.5,83.56,83.21,84.96,85.2,95.63,104.68,50.87,2.74,91.9,81.5,81.5,67.79,-0.02,-19.42,0.43,-0.54,8.05,5,0,0,0,-4.48,-21.56,['ä¸\xadç\x9f\xadæ\x9c\x9fè¶¨å\x8b¢ç¶\xadæ\x8c\x81å\x81\x8få¤\x9a'],[],[],[],3,AI Server,8,0,0,æ«ä¸èæ®,å°æªæç,ä¸­é·æä¸è¬,AI Serveræç¾¤ç¸å°å¼·å¢,ç®åéè½ä»ä¸è¶³ | è·é¢çªç ´ä½ç½®ä»è¼é ,ææ¥è¥çªç ´ 91.90 ä¸éè½åæ­¥æ¾å¤§ï¼å¯è¦çºé²å ´è§¸ç¼ï¼è¥ç´æ¥è·³ç©ºé«æ¼ 93.96ï¼ä¸å»ºè­°è¿½å¹ã,False,147,126,150,84.11,84.5,91.9,93.96,82.85,82.64,1.95,2.2,87.8,89.45,2.0
3017,奇鋐,上市,電腦及週邊設備業,3017.TW,"散熱,AI,科技",False,2026-09-24,3555.0,3452.0,3341.5,3366.75,2854.91,2684.79,2089.36,62.5,164.64,3595.0,3100.0,3100.0,2003.12,6.44,30.51,0.73,5.59,1.11,17,21,0,11,1.98,28.38,"['è\x82¡å\x83¹ç«\x99ä¸\x8a20æ\x97¥å\x9d\x87ç·\x9a', 'MA20ä½\x8dæ\x96¼MA60ä¹\x8bä¸\x8a', 'ä¸\xadç\x9f\xadæ\x9c\x9fè¶¨å\x8b¢ç¶\xadæ\x8c\x81å\x81\x8få¤\x9a']",['é\x9d\x9eå¸¸æ\x8e¥è¿\x9120æ\x97¥çª\x81ç\xa0´'],[],['è¿\x9120æ\x97¥è¡¨ç\x8f¾å\x84ªæ\x96¼å¤§ç\x9b¤ 2.0%'],15,散熱,64,77,100,æ«ä¸èæ®,æçºè§å¯,ä¸­é·æè¶¨å¢å¼·,ä¸­æè¶¨å¢ç¶­æåä¸ | å·²éå¸¸æ¥è¿20æ¥çªç ´ä½ç½® | è¿20æ¥ç¸å°å¤§ç¤å¼· 2.0% | 散熱æç¾¤ç¸å°å¼·å¢,ç®åéè½ä»ä¸è¶³,ææ¥è¥çªç ´ 3595.00 ä¸éè½åæ­¥æ¾å¤§ï¼å¯è¦çºé²å ´è§¸ç¼ï¼è¥ç´æ¥è·³ç©ºé«æ¼ 3702.85ï¼ä¸å»ºè­°è¿½å¹ã,True,22,35,5,3483.9,3555.0,3595.0,3702.85,3316.25,3061.08,6.72,13.89,4032.5,4271.25,2.0
3022,威強電,上市,電腦及週邊設備業,3022.TW,工業電腦 / Edge AI,False,2026-09-24,93.1,91.82,88.86,89.16,89.22,80.56,71.67,55.75,3.35,98.6,82.1,82.1,74.4,1.75,11.04,0.89,4.42,5.58,11,10,5,7,-2.71,8.9,"['è\x82¡å\x83¹ç«\x99ä¸\x8a20æ\x97¥å\x9d\x87ç·\x9a', 'ä¸\xadç\x9f\xadæ\x9c\x9fè¶¨å\x8b¢ç¶\xadæ\x8c\x81å\x81\x8få¤\x9a']",['è·\x9dçª\x81ç\xa0´ä½\x8dç½®å°\x9aå\x8f¯'],[],[],8,工業電腦 / Edge AI,41,40,70,æ«ä¸èæ®,å°æªæç,ä¸­é·ææçºè¿½è¹¤,工業電腦 / Edge AIæç¾¤ç¸å°å¼·å¢,ä»éè§å¯éæ¥éç¤èæäº¤éç¢ºèª,ææ¥è¥çªç ´ 98.60 ä¸éè½åæ­¥æ¾å¤§ï¼å¯è¦çºé²å ´è§¸ç¼ï¼è¥ç´æ¥è·³ç©ºé«æ¼ 101.11ï¼ä¸å»ºè­°è¿½å¹ã,True,72,75,63,90.42,90.5,98.6,101.11,87.82,86.54,2.96,7.04,95.85,98.52,2.0
3026,禾伸堂,上市,電子零組件業,3026.TW,被動元件,False,2026-09-24,810.0,789.2,767.9,749.9,706.76,595.68,352.22,59.46,56.71,856.0,717.0,606.0,416.5,20.0,-9.9,1.25,8.01,5.37,25,10,15,9,15.54,-12.04,"['è\x82¡å\x83¹ç«\x99ä¸\x8a20æ\x97¥å\x9d\x87ç·\x9a', 'MA5 > MA10 > MA20ï¼\x8cå¤\x9aé\xa0\xadæ\x8e\x92å\x88\x97', 'MA20ä½\x8dæ\x96¼MA60ä¹\x8bä¸\x8a', 'ä¸\xadç\x9f\xadæ\x9c\x9fè¶¨å\x8b¢ç¶\xadæ\x8c\x81å\x81\x8få¤\x9a']",['è·\x9dçª\x81ç\xa0´ä½\x8dç½®å°\x9aå\x8f¯'],['é\x87\x8fè\x83½é\x96\x8bå§\x8bæ\x93´å¼µ'],['è¿\x9120æ\x97¥è¡¨ç\x8f¾å\x84ªæ\x96¼å¤§ç\x9b¤ 15.5%'],10,被動元件,69,85,75,ç­å¾ææ¥ç¢ºèª,æºåé²å ´,ä¸­é·ææçºè¿½è¹¤,ç­æåç·åå¤é ­æå | ä¸­æè¶¨å¢ç¶­æåä¸ | æäº¤ééå§æ´å¼µ | è¿20æ¥ç¸å°å¤§ç¤å¼· 15.5% | 被動元件æç¾¤ç¸å°å¼·å¢,ä»éè§å¯éæ¥éç¤èæäº¤éç¢ºèª,ææ¥è¥çªç ´ 856.00 ä¸éè½åæ­¥æ¾å¤§ï¼å¯è¦çºé²å ´è§¸ç¼ï¼è¥ç´æ¥è·³ç©ºé«æ¼ 881.68ï¼ä¸å»ºè­°è¿½å¹ã,True,14,25,59,764.63,779.42,856.0,881.68,738.65,685.56,5.23,15.36,860.95,901.72,2.0
3034,聯詠,上市,半導體業,3034.TW,IC Design,False,2026-09-24,543.0,550.2,548.8,544.05,524.05,486.96,429.18,50.85,18.0,567.0,526.0,519.0,451.0,-0.91,4.82,1.11,-0.19,4.23,19,10,10,3,-5.37,2.68,"['MA5 > MA10 > MA20ï¼\x8cå¤\x9aé\xa0\xadæ\x8e\x92å\x88\x97', 'MA20ä½\x8dæ\x96¼MA60ä¹\x8bä¸\x8a', 'ä¸\xadç\x9f\xadæ\x9c\x9fè¶¨å\x8b¢ç¶\xadæ\x8c\x81å\x81\x8få¤\x9a']",['è·\x9dçª\x81ç\xa0´ä½\x8dç½®å°\x9aå\x8f¯'],['æ\x88\x90äº¤é\x87\x8fé«\x98æ\x96¼20æ\x97¥å\x9d\x87é\x87\x8f'],[],12,IC Design,54,50,90,æ«ä¸èæ®,å°æªæç,ä¸­é·æè¶¨å¢å¼·,ç­æåç·åå¤é ­æå | ä¸­æè¶¨å¢ç¶­æåä¸ | æ­£å¨æ¥è¿20æ¥å£åå | IC Designæç¾¤ç¸å°å¼·å¢,ä»éè§å¯éæ¥éç¤èæäº¤éç¢ºèª,ææ¥è¥çªç ´ 567.00 ä¸éè½åæ­¥æ¾å¤§ï¼å¯è¦çºé²å ´è§¸ç¼ï¼è¥ç´æ¥è·³ç©ºé«æ¼ 580.50ï¼ä¸å»ºè­°è¿½å¹ã,False,42,68,27,532.14,543.0,567.0,580.5,523.37,508.33,3.62,6.39,582.26,601.89,2.0
3035,智原,上市,半導體業,3035.TW,"IC Design,ASIC / IP",False,2026-09-24,206.5,199.0,185.95,182.6,184.18,186.59,175.16,69.66,8.18,210.0,165.0,165.0,146.5,17.0,-7.81,1.22,13.09,1.67,19,21,15,9,12.54,-9.95,"['è\x82¡å\x83¹ç«\x99ä¸\x8a20æ\x97¥å\x9d\x87ç·\x9a', 'MA5 > MA10 > MA20ï¼\x8cå¤\x9aé\xa0\xadæ\x8e\x92å\x88\x97', 'ä¸\xadç\x9f\xadæ\x9c\x9fè¶¨å\x8b¢ç¶\xadæ\x8c\x81å\x81\x8få¤\x9a']",['é\x9d\x9eå¸¸æ\x8e¥è¿\x9120æ\x97¥çª\x81ç\xa0´'],['é\x87\x8fè\x83½é\x96\x8bå§\x8bæ\x93´å¼µ'],['è¿\x9120æ\x97¥è¡¨ç\x8f¾å\x84ªæ\x96¼å¤§ç\x9b¤ 12.5%'],14,ASIC / IP,66,97,35,éç±ï¼ä¸è¿½å¹,æºåé²å ´,ä¸­é·æä¸è¬,ç­æåç·åå¤é ­æå | å·²éå¸¸æ¥è¿20æ¥çªç ´ä½ç½® | æäº¤ééå§æ´å¼µ | è¿20æ¥ç¸å°å¤§ç¤å¼· 12.5% | ASIC / IPæç¾¤ç¸å°å¼·å¢,è¡å¹èMA20ä¹é¢éå¤§,ææ¥è¥çªç ´ 210.00 ä¸éè½åæ­¥æ¾å¤§ï¼å¯è¦çºé²å ´è§¸ç¼ï¼è¥ç´æ¥è·³ç©ºé«æ¼ 216.13ï¼ä¸å»ºè­°è¿½å¹ã,True,18,3,119,202.37,206.5,210.0,216.13,190.1,181.96,7.94,11.88,239.3,255.7,2.0
3037,欣興,上市,電子零組件業,3037.TW,"PCB / CCL / ABF,科技",False,2026-09-24,1185.0,1093.2,1026.5,1001.65,959.98,917.29,601.4,68.43,53.21,1230.0,932.0,873.0,653.0,0.42,21.29,0.74,18.3,3.66,25,17,0,6,-4.03,19.15,"['è\x82¡å\x83¹ç«\x99ä¸\x8a20æ\x97¥å\x9d\x87ç·\x9a', 'MA5 > MA10 > MA20ï¼\x8cå¤\x9aé\xa0\xadæ\x8e\x92å\x88\x97', 'MA20ä½\x8dæ\x96¼MA60ä¹\x8bä¸\x8a', 'ä¸\xadç\x9f\xadæ\x9c\x9fè¶¨å\x8b¢ç¶\xadæ\x8c\x81å\x81\x8få¤\x9a']",['æ\x8e¥è¿\x9120æ\x97¥çª\x81ç\xa0´å\x8d\x80'],[],[],9,科技,37,68,90,éç±ï¼ä¸è¿½å¹,æçºè§å¯,ä¸­é·æè¶¨å¢å¼·,ç­æåç·åå¤é ­æå | ä¸­æè¶¨å¢ç¶­æåä¸ | æ­£å¨æ¥è¿20æ¥å£åå | 科技æç¾¤ç¸å°å¼·å¢,è¡å¹èMA20ä¹é¢éå¤§ | ç®åéè½ä»ä¸è¶³,ææ¥è¥çªç ´ 1230.00 ä¸éè½åæ­¥æ¾å¤§ï¼å¯è¦çºé²å ´è§¸ç¼ï¼è¥ç´æ¥è·³ç©ºé«æ¼ 1266.90ï¼ä¸å»ºè­°è¿½å¹ã,True,78,46,20,1161.3,1185.0,1230.0,1266.9,1081.48,1025.37,8.74,13.47,1392.03,1495.55,2.0
3044,健鼎,上市,電子零組件業,3044.TW,PCB / CCL / ABF,False,2026-09-24,538.0,532.4,517.65,506.65,456.75,462.82,394.45,65.89,20.54,547.0,487.5,475.0,327.0,11.85,9.26,0.49,6.19,1.65,25,21,0,10,7.39,7.13,"['è\x82¡å\x83¹ç«\x99ä¸\x8a20æ\x97¥å\x9d\x87ç·\x9a', 'MA5 > MA10 > MA20ï¼\x8cå¤\x9aé\xa0\xadæ\x8e\x92å\x88\x97', 'MA20ä½\x8dæ\x96¼MA60ä¹\x8bä¸\x8a', 'ä¸\xadç\x9f\xadæ\x9c\x9fè¶¨å\x8b¢ç¶\xadæ\x8c\x81å\x81\x8få¤\x9a']",['é\x9d\x9eå¸¸æ\x8e¥è¿\x9120æ\x97¥çª\x81ç\xa0´'],[],['è¿\x9120æ\x97¥è¡¨ç\x8f¾å\x84ªæ\x96¼å¤§ç\x9b¤ 7.4%'],7,PCB / CCL / ABF,63,77,70,æ«ä¸èæ®,æçºè§å¯,ä¸­é·ææçºè¿½è¹¤,ç­æåç·åå¤é ­æå | ä¸­æè¶¨å¢ç¶­æåä¸ | å·²éå¸¸æ¥è¿20æ¥çªç ´ä½ç½® | è¿20æ¥ç¸å°å¤§ç¤å¼· 7.4% | PCB / CCL / ABFæç¾¤ç¸å°å¼·å¢,ç®åéè½ä»ä¸è¶³,ææ¥è¥çªç ´ 547.00 ä¸éè½åæ­¥æ¾å¤§ï¼å¯è¦çºé²å ´è§¸ç¼ï¼è¥ç´æ¥è·³ç©ºé«æ¼ 562.40ï¼ä¸å»ºè­°è¿½å¹ã,True,28,33,64,521.57,525.41,547.0,562.4,499.05,476.38,5.02,11.45,578.14,604.51,2.0
3081,聯亞,上櫃,通信網路業,3081.TWO,"CPO / 矽光子,AI",False,2026-09-24,2700.0,2792.0,2771.5,2963.75,2417.22,2352.18,1545.46,46.2,188.57,3600.0,2585.0,2585.0,1335.0,-19.88,53.36,0.53,-8.9,25.0,11,0,0,6,-24.34,51.22,"['MA20ä½\x8dæ\x96¼MA60ä¹\x8bä¸\x8a', 'ä¸\xadç\x9f\xadæ\x9c\x9fè¶¨å\x8b¢ç¶\xadæ\x8c\x81å\x81\x8få¤\x9a']",[],[],[],9,AI,26,0,80,æ«ä¸èæ®,å°æªæç,ä¸­é·æè¶¨å¢å¼·,ä¸­æè¶¨å¢ç¶­æåä¸ | AIæç¾¤ç¸å°å¼·å¢,ç®åéè½ä»ä¸è¶³ | è·é¢çªç ´ä½ç½®ä»è¼é ,ææ¥è¥çªç ´ 3600.00 ä¸éè½åæ­¥æ¾å¤§ï¼å¯è¦çºé²å ´è§¸ç¼ï¼è¥ç´æ¥è·³ç©ºé«æ¼ 3708.00ï¼ä¸å»ºè­°è¿½å¹ã,False,100,154,34,2646.0,2700.0,3600.0,3708.0,2572.07,2344.7,4.74,13.16,2955.85,3083.78,2.0
3090,日電貿,上市,電子零組件業,3090.TW,被動元件,False,2026-09-24,165.0,164.8,163.3,166.93,182.07,183.16,136.71,47.52,6.71,184.0,157.0,157.0,114.0,-2.08,-46.95,0.31,-1.15,10.33,5,0,0,0,-6.53,-49.08,['ä¸\xadç\x9f\xadæ\x9c\x9fè¶¨å\x8b¢ç¶\xadæ\x8c\x81å\x81\x8få¤\x9a'],[],[],[],10,被動元件,15,10,25,æ«ä¸èæ®,å°æªæç,ä¸­é·æä¸è¬,被動元件æç¾¤ç¸å°å¼·å¢,ç®åéè½ä»ä¸è¶³ | è·é¢çªç ´ä½ç½®ä»è¼é ,ææ¥è¥çªç ´ 184.00 ä¸éè½åæ­¥æ¾å¤§ï¼å¯è¦çºé²å ´è§¸ç¼ï¼è¥ç´æ¥è·³ç©ºé«æ¼ 189.03ï¼ä¸å»ºè­°è¿½å¹ã,False,137,101,138,161.7,165.0,184.0,189.03,156.22,144.87,5.32,12.2,182.57,191.35,2.0
3131,弘塑,上櫃,其他電子業,3131.TWO,"先進封裝,半導體設備",False,2026-09-24,2410.0,2419.0,2377.0,2425.25,2605.5,2870.89,2274.89,47.93,126.07,2745.0,2250.0,2250.0,2055.0,-3.21,-37.15,0.46,-0.63,12.2,5,0,0,0,-7.67,-39.29,['ä¸\xadç\x9f\xadæ\x9c\x9fè¶¨å\x8b¢ç¶\xadæ\x8c\x81å\x81\x8få¤\x9a'],[],[],[],10,先進封裝,15,10,25,æ«ä¸èæ®,å°æªæç,ä¸­é·æä¸è¬,先進封裝æç¾¤ç¸å°å¼·å¢,ç®åéè½ä»ä¸è¶³ | è·é¢çªç ´ä½ç½®ä»è¼é ,ææ¥è¥çªç ´ 2745.00 ä¸éè½åæ­¥æ¾å¤§ï¼å¯è¦çºé²å ´è§¸ç¼ï¼è¥ç´æ¥è·³ç©ºé«æ¼ 2827.35ï¼ä¸å»ºè­°è¿½å¹ã,False,133,102,137,2401.0,2410.0,2745.0,2827.35,2364.98,2034.45,1.87,15.58,2500.03,2545.05,2.0
3163,波若威,上櫃,通信網路業,3163.TWO,"CPO / 矽光子,AI",False,2026-09-24,653.0,663.0,659.1,700.85,672.32,772.16,574.42,42.5,30.57,814.0,631.0,631.0,486.0,-15.85,-0.72,0.43,-6.83,19.78,11,0,0,0,-20.31,-2.86,"['MA20ä½\x8dæ\x96¼MA60ä¹\x8bä¸\x8a', 'ä¸\xadç\x9f\xadæ\x9c\x9fè¶¨å\x8b¢ç¶\xadæ\x8c\x81å\x81\x8få¤\x9a']",[],[],[],9,AI,20,0,35,æ«ä¸èæ®,å°æªæç,ä¸­é·æä¸è¬,ä¸­æè¶¨å¢ç¶­æåä¸ | AIæç¾¤ç¸å°å¼·å¢,ç®åéè½ä»ä¸è¶³ | è·é¢çªç ´ä½ç½®ä»è¼é ,ææ¥è¥çªç ´ 814.00 ä¸éè½åæ­¥æ¾å¤§ï¼å¯è¦çºé²å ´è§¸ç¼ï¼è¥ç´æ¥è·³ç©ºé«æ¼ 836.93ï¼ä¸å»ºè­°è¿½å¹ã,False,119,152,111,652.51,653.0,814.0,836.93,627.85,652.15,3.85,0.13,703.31,728.46,2.0
3189,景碩,上市,半導體業,3189.TW,PCB / CCL / ABF,False,2026-09-24,962.0,887.2,847.6,838.05,801.65,697.55,449.12,66.15,45.86,960.0,784.0,766.0,541.0,5.25,15.9,2.13,14.79,-0.21,25,25,20,10,0.79,13.76,"['è\x82¡å\x83¹ç«\x99ä¸\x8a20æ\x97¥å\x9d\x87ç·\x9a', 'MA5 > MA10 > MA20ï¼\x8cå¤\x9aé\xa0\xadæ\x8e\x92å\x88\x97', 'MA20ä½\x8dæ\x96¼MA60ä¹\x8bä¸\x8a', 'ä¸\xadç\x9f\xadæ\x9c\x9fè¶¨å\x8b¢ç¶\xadæ\x8c\x81å\x81\x8få¤\x9a']",['å·²çª\x81ç\xa0´20æ\x97¥é«\x98é»\x9e'],['æ\x88\x90äº¤é\x87\x8fè¶\x85é\x81\x8e20æ\x97¥å\x9d\x87é\x87\x8f2å\x80\x8d'],['è¿\x9120æ\x97¥è¡¨ç\x8f¾å\x84ªæ\x96¼å¤§ç\x9b¤ 0.8%'],7,PCB / CCL / ABF,75,77,90,éç±ï¼ä¸è¿½å¹,æçºè§å¯,ä¸­é·æè¶¨å¢å¼·,ç­æåç·åå¤é ­æå | ä¸­æè¶¨å¢ç¶­æåä¸ | å·²éå¸¸æ¥è¿20æ¥çªç ´ä½ç½® | æäº¤éæ¾å¤§è³20æ¥åé 2.13 å | è¿20æ¥ç¸å°å¤§ç¤å¼· 0.8%,è¡å¹èMA20ä¹é¢éå¤§,ææ¥è¥çªç ´ 960.00 ä¸éè½åæ­¥æ¾å¤§ï¼å¯è¦çºé²å ´è§¸ç¼ï¼è¥ç´æ¥è·³ç©ºé«æ¼ 988.80ï¼ä¸å»ºè­°è¿½å¹ã,True,4,36,22,942.76,962.0,960.0,988.8,873.97,824.42,9.15,14.3,1138.06,1226.09,2.0
3227,原相,上櫃,半導體業,3227.TWO,IC Design,False,2026-09-24,183.5,184.6,183.2,187.12,195.98,201.85,200.84,41.13,3.11,201.5,179.5,179.5,174.5,-7.32,-18.22,0.61,-1.94,8.93,5,0,0,0,-11.78,-20.36,['ä¸\xadç\x9f\xadæ\x9c\x9fè¶¨å\x8b¢ç¶\xadæ\x8c\x81å\x81\x8få¤\x9a'],[],[],[],12,IC Design,17,10,25,æ«ä¸èæ®,å°æªæç,ä¸­é·æä¸è¬,IC Designæç¾¤ç¸å°å¼·å¢,ç®åéè½ä»ä¸è¶³ | è·é¢çªç ´ä½ç½®ä»è¼é ,ææ¥è¥çªç ´ 201.50 ä¸éè½åæ­¥æ¾å¤§ï¼å¯è¦çºé²å ´è§¸ç¼ï¼è¥ç´æ¥è·³ç©ºé«æ¼ 203.83ï¼ä¸å»ºè­°è¿½å¹ã,False,126,112,134,179.83,183.5,201.5,203.83,177.13,174.17,3.47,5.08,196.23,202.6,2.0
3231,緯創,上市,電腦及週邊設備業,3231.TW,"AI Server,AI PC,AI,科技",False,2026-09-24,184.5,183.6,183.65,185.2,175.17,159.57,146.97,51.55,6.25,200.5,179.5,174.0,139.0,2.79,20.67,0.53,-0.38,7.98,11,0,0,8,-1.67,18.53,"['MA20ä½\x8dæ\x96¼MA60ä¹\x8bä¸\x8a', 'ä¸\xadç\x9f\xadæ\x9c\x9fè¶¨å\x8b¢ç¶\xadæ\x8c\x81å\x81\x8få¤\x9a']",[],[],[],9,AI,28,0,80,æ«ä¸èæ®,å°æªæç,ä¸­é·æè¶¨å¢å¼·,ä¸­æè¶¨å¢ç¶­æåä¸ | AIæç¾¤ç¸å°å¼·å¢,ç®åéè½ä»ä¸è¶³ | è·é¢çªç ´ä½ç½®ä»è¼é ,ææ¥è¥çªç ´ 200.50 ä¸éè½åæ­¥æ¾å¤§ï¼å¯è¦çºé²å ´è§¸ç¼ï¼è¥ç´æ¥è·³ç©ºé«æ¼ 205.19ï¼ä¸å»ºè­°è¿½å¹ã,False,92,124,41,183.35,184.5,200.5,205.19,180.6,169.91,2.12,7.91,192.3,196.21,2.0
3234,光環,上櫃,通信網路業,3234.TWO,CPO / 矽光子,False,2026-09-24,178.0,175.9,175.9,186.43,144.23,129.4,92.05,53.32,11.96,220.0,163.0,163.0,83.4,-1.11,39.61,1.21,-4.52,19.09,11,0,15,6,-5.57,37.47,"['MA20ä½\x8dæ\x96¼MA60ä¹\x8bä¸\x8a', 'ä¸\xadç\x9f\xadæ\x9c\x9fè¶¨å\x8b¢ç¶\xadæ\x8c\x81å\x81\x8få¤\x9a']",[],['é\x87\x8fè\x83½é\x96\x8bå§\x8bæ\x93´å¼µ'],[],0,CPO / 矽光子,32,10,80,æ«ä¸èæ®,å°æªæç,ä¸­é·æè¶¨å¢å¼·,ä¸­æè¶¨å¢ç¶­æåä¸ | æäº¤ééå§æ´å¼µ | CPO / 矽光子æç¾¤ç¸å°å¼·å¢,è·é¢çªç ´ä½ç½®ä»è¼é ,ææ¥è¥çªç ´ 220.00 ä¸éè½åæ­¥æ¾å¤§ï¼å¯è¦çºé²å ´è§¸ç¼ï¼è¥ç´æ¥è·³ç©ºé«æ¼ 226.60ï¼ä¸å»ºè­°è¿½å¹ã,False,85,98,37,174.14,178.0,220.0,226.6,162.19,142.12,8.88,20.16,209.63,225.44,2.0
3260,威剛,上櫃,半導體業,3260.TWO,Memory,False,2026-09-24,378.0,382.5,380.59,385.65,382.9,389.73,315.14,45.76,10.56,408.56,367.51,367.51,318.83,-4.7,-2.95,0.75,-1.98,7.48,11,0,5,0,-9.15,-5.08,"['MA20ä½\x8dæ\x96¼MA60ä¹\x8bä¸\x8a', 'ä¸\xadç\x9f\xadæ\x9c\x9fè¶¨å\x8b¢ç¶\xadæ\x8c\x81å\x81\x8få¤\x9a']",[],[],[],1,Memory,17,10,35,æ«ä¸èæ®,å°æªæç,ä¸­é·æä¸è¬,ä¸­æè¶¨å¢ç¶­æåä¸ | Memoryæç¾¤ç¸å°å¼·å¢,ç®åéè½ä»ä¸è¶³ | è·é¢çªç ´ä½ç½®ä»è¼é ,ææ¥è¥çªç ´ 408.56 ä¸éè½åæ­¥æ¾å¤§ï¼å¯è¦çºé²å ´è§¸ç¼ï¼è¥ç´æ¥è·³ç©ºé«æ¼ 416.48ï¼ä¸å»ºè­°è¿½å¹ã,False,125,106,114,370.44,378.0,408.56,416.48,364.88,371.41,3.47,1.74,404.23,417.35,2.0
3324,雙鴻,上櫃,其他電子業,3324.TWO,"散熱,AI,科技",False,2026-09-24,1710.0,1581.0,1457.5,1410.75,1110.37,1079.88,1021.63,73.36,107.14,1630.0,1240.0,1055.0,810.0,61.32,64.42,1.39,21.21,-4.91,25,25,15,15,56.86,62.28,"['è\x82¡å\x83¹ç«\x99ä¸\x8a20æ\x97¥å\x9d\x87ç·\x9a', 'MA5 > MA10 > MA20ï¼\x8cå¤\x9aé\xa0\xadæ\x8e\x92å\x88\x97', 'MA20ä½\x8dæ\x96¼MA60ä¹\x8bä¸\x8a', 'ä¸\xadç\x9f\xadæ\x9c\x9fè¶¨å\x8b¢ç¶\xadæ\x8c\x81å\x81\x8få¤\x9a']",['å·²çª\x81ç\xa0´20æ\x97¥é«\x98é»\x9e'],['é\x87\x8fè\x83½é\x96\x8bå§\x8bæ\x93´å¼µ'],['è¿\x9120æ\x97¥è¡¨ç\x8f¾å\x84ªæ\x96¼å¤§ç\x9b¤ 56.9%'],15,散熱,68,97,100,éç±ï¼ä¸è¿½å¹,æºåé²å ´,ä¸­é·æè¶¨å¢å¼·,ç­æåç·åå¤é ­æå | ä¸­æè¶¨å¢ç¶­æåä¸ | å·²éå¸¸æ¥è¿20æ¥çªç ´ä½ç½® | æäº¤ééå§æ´å¼µ | è¿20æ¥ç¸å°å¤§ç¤å¼· 56.9%,RSIåé«ï¼æ³¨æéæ¥è¿½å¹é¢¨éª | è¡å¹èMA20ä¹é¢éå¤§,ææ¥è¥çªç ´ 1630.00 ä¸éè½åæ­¥æ¾å¤§ï¼å¯è¦çºé²å ´è§¸ç¼ï¼è¥ç´æ¥è·³ç©ºé«æ¼ 1678.90ï¼ä¸å»ºè­°è¿½å¹ã,True,15,2,3,1675.8,1710.0,1630.0,1678.9,1515.09,1388.58,11.4,18.8,2099.82,2294.73,2.0
3338,泰碩,上市,電子零組件業,3338.TW,散熱,False,2026-09-24,67.6,67.46,66.51,66.23,64.92,68.52,60.5,56.92,2.04,71.8,64.2,62.7,54.0,5.79,-5.85,0.33,2.07,5.85,25,10,0,5,1.33,-7.99,"['è\x82¡å\x83¹ç«\x99ä¸\x8a20æ\x97¥å\x9d\x87ç·\x9a', 'MA5 > MA10 > MA20ï¼\x8cå¤\x9aé\xa0\xadæ\x8e\x92å\x88\x97', 'MA20ä½\x8dæ\x96¼MA60ä¹\x8bä¸\x8a', 'ä¸\xadç\x9f\xadæ\x9c\x9fè¶¨å\x8b¢ç¶\xadæ\x8c\x81å\x81\x8få¤\x9a']",['è·\x9dçª\x81ç\xa0´ä½\x8dç½®å°\x9aå\x8f¯'],[],['è¿\x9120æ\x97¥è¡¨ç\x8f¾å\x84ªæ\x96¼å¤§ç\x9b¤ 1.3%'],15,散熱,55,75,55,æ«ä¸èæ®,æçºè§å¯,ä¸­é·æä¸è¬,ç­æåç·åå¤é ­æå | ä¸­æè¶¨å¢ç¶­æåä¸ | è¿20æ¥ç¸å°å¤§ç¤å¼· 1.3% | 散熱æç¾¤ç¸å°å¼·å¢,ç®åéè½ä»ä¸è¶³,ææ¥è¥çªç ´ 71.80 ä¸éè½åæ­¥æ¾å¤§ï¼å¯è¦çºé²å ´è§¸ç¼ï¼è¥ç´æ¥è·³ç©ºé«æ¼ 73.33ï¼ä¸å»ºè­°è¿½å¹ã,True,41,40,83,65.97,67.51,71.8,73.33,64.98,62.97,3.75,6.85,72.57,75.1,2.0
3363,上詮,上櫃,通信網路業,3363.TWO,"CPO / 矽光子,AI",False,2026-09-24,652.0,659.8,664.2,701.05,620.7,703.1,574.37,47.28,35.43,850.0,631.0,631.0,437.0,-7.39,23.25,0.36,-7.0,23.29,11,0,0,6,-11.84,21.11,"['MA20ä½\x8dæ\x96¼MA60ä¹\x8bä¸\x8a', 'ä¸\xadç\x9f\xadæ\x9c\x9fè¶¨å\x8b¢ç¶\xadæ\x8c\x81å\x81\x8få¤\x9a']",[],[],[],9,AI,26,0,60,æ«ä¸èæ®,å°æªæç,ä¸­é·æä¸è¬,ä¸­æè¶¨å¢ç¶­æåä¸ | AIæç¾¤ç¸å°å¼·å¢,ç®åéè½ä»ä¸è¶³ | è·é¢çªç ´ä½ç½®ä»è¼é ,ææ¥è¥çªç ´ 850.00 ä¸éè½åæ­¥æ¾å¤§ï¼å¯è¦çºé²å ´è§¸ç¼ï¼è¥ç´æ¥è·³ç©ºé«æ¼ 875.50ï¼ä¸å»ºè­°è¿½å¹ã,False,104,135,72,638.96,652.0,850.0,875.5,627.85,602.08,3.7,7.66,700.31,724.46,2.0
3413,京鼎,上市,半導體業,3413.TW,"先進封裝,半導體設備",False,2026-09-24,288.0,285.0,281.15,282.05,305.69,308.61,300.74,51.43,5.29,291.0,271.5,271.5,271.5,0.17,-12.73,0.68,2.11,1.03,11,21,0,0,-4.28,-14.87,"['è\x82¡å\x83¹ç«\x99ä¸\x8a20æ\x97¥å\x9d\x87ç·\x9a', 'ä¸\xadç\x9f\xadæ\x9c\x9fè¶¨å\x8b¢ç¶\xadæ\x8c\x81å\x81\x8få¤\x9a']",['é\x9d\x9eå¸¸æ\x8e¥è¿\x9120æ\x97¥çª\x81ç\xa0´'],[],[],10,先進封裝,42,52,35,æ«ä¸èæ®,å°æªæç,ä¸­é·æä¸è¬,å·²éå¸¸æ¥è¿20æ¥çªç ´ä½ç½® | 先進封裝æç¾¤ç¸å°å¼·å¢,ç®åéè½ä»ä¸è¶³,ææ¥è¥çªç ´ 291.00 ä¸éè½åæ­¥æ¾å¤§ï¼å¯è¦çºé²å ´è§¸ç¼ï¼è¥ç´æ¥è·³ç©ºé«æ¼ 294.97ï¼ä¸å»ºè­°è¿½å¹ã,True,69,65,127,283.77,286.28,291.0,294.97,277.82,272.13,2.96,5.51,303.2,311.67,2.0
3443,創意,上市,半導體業,3443.TW,"IC Design,ASIC / IP,AI",False,2026-09-24,8525.0,8010.0,7127.5,6546.75,5262.92,4841.75,3488.86,81.4,445.36,8540.0,5850.0,5680.0,3175.0,44.0,59.94,0.78,30.22,0.18,25,23,5,15,39.55,57.8,"['è\x82¡å\x83¹ç«\x99ä¸\x8a20æ\x97¥å\x9d\x87ç·\x9a', 'MA5 > MA10 > MA20ï¼\x8cå¤\x9aé\xa0\xadæ\x8e\x92å\x88\x97', 'MA20ä½\x8dæ\x96¼MA60ä¹\x8bä¸\x8a', 'ä¸\xadç\x9f\xadæ\x9c\x9fè¶¨å\x8b¢ç¶\xadæ\x8c\x81å\x81\x8få¤\x9a']",['è·\x9d20æ\x97¥çª\x81ç\xa0´å\x83¹ä¸\x8då\x88°1%'],[],['è¿\x9120æ\x97¥è¡¨ç\x8f¾å\x84ªæ\x96¼å¤§ç\x9b¤ 39.5%'],14,ASIC / IP,37,85,100,éç±ï¼ä¸è¿½å¹,éç±,ä¸­é·æè¶¨å¢å¼·,ç­æåç·åå¤é ­æå | ä¸­æè¶¨å¢ç¶­æåä¸ | å·²éå¸¸æ¥è¿20æ¥çªç ´ä½ç½® | è¿20æ¥ç¸å°å¤§ç¤å¼· 39.5% | ASIC / IPæç¾¤ç¸å°å¼·å¢,RSIé²å¥éç±åï¼ä¸é©åè¿½å¹ | è¡å¹èMA20ä¹é¢éå¤§ | ç®åéè½ä»ä¸è¶³,ææ¥è¥çªç ´ 8540.00 ä¸éè½åæ­¥æ¾å¤§ï¼å¯è¦çºé²å ´è§¸ç¼ï¼è¥ç´æ¥è·³ç©ºé«æ¼ 8796.20ï¼ä¸å»ºè­°è¿½å¹ã,True,77,23,4,8354.5,8525.0,8540.0,8796.2,7686.46,7188.92,9.84,15.67,10202.08,11040.62,2.0
3450,聯鈞,上市,半導體業,3450.TW,CPO / 矽光子,False,2026-09-24,513.0,528.4,522.15,550.92,506.21,470.67,365.82,46.18,33.68,653.0,489.0,489.0,330.0,-11.25,2.4,0.59,-6.88,21.44,11,0,0,3,-15.7,0.26,"['MA20ä½\x8dæ\x96¼MA60ä¹\x8bä¸\x8a', 'ä¸\xadç\x9f\xadæ\x9c\x9fè¶¨å\x8b¢ç¶\xadæ\x8c\x81å\x81\x8få¤\x9a']",[],[],[],0,CPO / 矽光子,14,0,80,æ«ä¸èæ®,å°æªæç,ä¸­é·æè¶¨å¢å¼·,ä¸­æè¶¨å¢ç¶­æåä¸ | CPO / 矽光子æç¾¤ç¸å°å¼·å¢,ç®åéè½ä»ä¸è¶³ | è·é¢çªç ´ä½ç½®ä»è¼é ,ææ¥è¥çªç ´ 653.00 ä¸éè½åæ­¥æ¾å¤§ï¼å¯è¦çºé²å ´è§¸ç¼ï¼è¥ç´æ¥è·³ç©ºé«æ¼ 672.59ï¼ä¸å»ºè­°è¿½å¹ã,False,141,149,50,502.74,513.0,653.0,672.59,486.56,491.02,5.15,4.28,565.89,592.34,2.0
3483,力致,上櫃,電腦及週邊設備業,3483.TWO,散熱,False,2026-09-24,77.5,76.28,75.6,76.6,76.08,82.37,85.67,54.04,2.55,83.6,73.3,73.0,66.96,4.17,-12.32,0.57,1.17,7.3,17,0,0,2,-0.29,-14.46,"['è\x82¡å\x83¹ç«\x99ä¸\x8a20æ\x97¥å\x9d\x87ç·\x9a', 'MA20ä½\x8dæ\x96¼MA60ä¹\x8bä¸\x8a', 'ä¸\xadç\x9f\xadæ\x9c\x9fè¶¨å\x8b¢ç¶\xadæ\x8c\x81å\x81\x8få¤\x9a']",[],[],[],15,散熱,34,30,40,æ«ä¸èæ®,å°æªæç,ä¸­é·æä¸è¬,ä¸­æè¶¨å¢ç¶­æåä¸ | 散熱æç¾¤ç¸å°å¼·å¢,ç®åéè½ä»ä¸è¶³ | è·é¢çªç ´ä½ç½®ä»è¼é ,ææ¥è¥çªç ´ 83.60 ä¸éè½åæ­¥æ¾å¤§ï¼å¯è¦çºé²å ´è§¸ç¼ï¼è¥ç´æ¥è·³ç©ºé«æ¼ 85.51ï¼ä¸å»ºè­°è¿½å¹ã,True,83,80,110,75.83,77.5,83.6,85.51,74.7,73.8,3.62,4.78,83.11,85.91,2.0
3491,昇達科,上櫃,通信網路業,3491.TWO,低軌衛星,False,2026-09-24,1555.0,1537.0,1477.0,1465.25,1314.74,1504.29,1178.9,58.7,88.21,1580.0,1310.0,1310.0,909.0,9.12,23.57,0.54,6.13,1.58,25,21,0,11,4.67,21.43,"['è\x82¡å\x83¹ç«\x99ä¸\x8a20æ\x97¥å\x9d\x87ç·\x9a', 'MA5 > MA10 > MA20ï¼\x8cå¤\x9aé\xa0\xadæ\x8e\x92å\x88\x97', 'MA20ä½\x8dæ\x96¼MA60ä¹\x8bä¸\x8a', 'ä¸\xadç\x9f\xadæ\x9c\x9fè¶¨å\x8b¢ç¶\xadæ\x8c\x81å\x81\x8få¤\x9a']",['é\x9d\x9eå¸¸æ\x8e¥è¿\x9120æ\x97¥çª\x81ç\xa0´'],[],['è¿\x9120æ\x97¥è¡¨ç\x8f¾å\x84ªæ\x96¼å¤§ç\x9b¤ 4.7%'],6,低軌衛星,63,77,70,æ«ä¸èæ®,æçºè§å¯,ä¸­é·ææçºè¿½è¹¤,ç­æåç·åå¤é ­æå | ä¸­æè¶¨å¢ç¶­æåä¸ | å·²éå¸¸æ¥è¿20æ¥çªç ´ä½ç½® | è¿20æ¥ç¸å°å¤§ç¤å¼· 4.7% | 低軌衛星æç¾¤ç¸å°å¼·å¢,ç®åéè½ä»ä¸è¶³,ææ¥è¥çªç ´ 1580.00 ä¸éè½åæ­¥æ¾å¤§ï¼å¯è¦çºé²å ´è§¸ç¼ï¼è¥ç´æ¥è·³ç©ºé«æ¼ 1627.40ï¼ä¸å»ºè­°è¿½å¹ã,True,27,34,62,1484.43,1499.15,1580.0,1627.4,1443.27,1290.37,3.73,17.02,1610.92,1666.81,2.0
3529,力旺,上櫃,半導體業,3529.TWO,"IC Design,ASIC / IP",False,2026-09-24,3230.0,3064.0,2866.5,2713.0,2564.33,3046.86,2545.55,65.9,190.36,3350.0,2530.0,2310.0,1995.0,21.89,8.57,0.9,19.06,3.58,25,17,5,12,17.43,6.43,"['è\x82¡å\x83¹ç«\x99ä¸\x8a20æ\x97¥å\x9d\x87ç·\x9a', 'MA5 > MA10 > MA20ï¼\x8cå¤\x9aé\xa0\xadæ\x8e\x92å\x88\x97', 'MA20ä½\x8dæ\x96¼MA60ä¹\x8bä¸\x8a', 'ä¸\xadç\x9f\xadæ\x9c\x9fè¶¨å\x8b¢ç¶\xadæ\x8c\x81å\x81\x8få¤\x9a']",['æ\x8e¥è¿\x9120æ\x97¥çª\x81ç\xa0´å\x8d\x80'],[],['è¿\x9120æ\x97¥è¡¨ç\x8f¾å\x84ªæ\x96¼å¤§ç\x9b¤ 17.4%'],14,ASIC / IP,53,93,80,éç±ï¼ä¸è¿½å¹,æºåé²å ´,ä¸­é·æè¶¨å¢å¼·,ç­æåç·åå¤é ­æå | ä¸­æè¶¨å¢ç¶­æåä¸ | æ­£å¨æ¥è¿20æ¥å£åå | è¿20æ¥ç¸å°å¤§ç¤å¼· 17.4% | ASIC / IPæç¾¤ç¸å°å¼·å¢,è¡å¹èMA20ä¹é¢éå¤§,ææ¥è¥çªç ´ 3350.00 ä¸éè½åæ­¥æ¾å¤§ï¼å¯è¦çºé²å ´è§¸ç¼ï¼è¥ç´æ¥è·³ç©ºé«æ¼ 3450.50ï¼ä¸å»ºè­°è¿½å¹ã,True,43,11,43,3165.4,3230.0,3350.0,3450.5,2879.86,2658.92,10.84,17.68,3930.28,4280.42,2.0
3532,台勝科,上市,半導體業,3532.TW,半導體,False,2026-09-24,452.5,443.9,434.7,416.4,388.95,326.85,220.55,63.59,27.61,474.0,400.0,367.5,254.0,14.85,11.42,0.63,8.67,4.54,25,10,0,14,10.39,9.28,"['è\x82¡å\x83¹ç«\x99ä¸\x8a20æ\x97¥å\x9d\x87ç·\x9a', 'MA5 > MA10 > MA20ï¼\x8cå¤\x9aé\xa0\xadæ\x8e\x92å\x88\x97', 'MA20ä½\x8dæ\x96¼MA60ä¹\x8bä¸\x8a', 'ä¸\xadç\x9f\xadæ\x9c\x9fè¶¨å\x8b¢ç¶\xadæ\x8c\x81å\x81\x8få¤\x9a']",['è·\x9dçª\x81ç\xa0´ä½\x8dç½®å°\x9aå\x8f¯'],[],['è¿\x9120æ\x97¥è¡¨ç\x8f¾å\x84ªæ\x96¼å¤§ç\x9b¤ 10.4%'],14,半導體,63,75,100,æ«ä¸èæ®,æçºè§å¯,ä¸­é·æè¶¨å¢å¼·,ç­æåç·åå¤é ­æå | ä¸­æè¶¨å¢ç¶­æåä¸ | æ­£å¨æ¥è¿20æ¥å£åå | è¿20æ¥ç¸å°å¤§ç¤å¼· 10.4% | 半導體æç¾¤ç¸å°å¼·å¢,ç®åéè½ä»ä¸è¶³,ææ¥è¥çªç ´ 474.00 ä¸éè½åæ­¥æ¾å¤§ï¼å¯è¦çºé²å ´è§¸ç¼ï¼è¥ç´æ¥è·³ç©ºé«æ¼ 488.22ï¼ä¸å»ºè­°è¿½å¹ã,True,26,38,9,430.41,441.22,474.0,488.22,410.15,377.28,7.04,16.62,503.35,534.42,2.0
3533,嘉澤,上市,電子零組件業,3533.TW,"連接器 / 高速線材,AI,科技",False,2026-09-24,1690.0,1660.0,1605.5,1640.0,1783.26,2090.09,1776.88,52.12,70.71,1770.0,1495.0,1495.0,1495.0,4.0,-20.92,1.02,3.05,4.52,11,10,10,2,-0.46,-23.06,"['è\x82¡å\x83¹ç«\x99ä¸\x8a20æ\x97¥å\x9d\x87ç·\x9a', 'ä¸\xadç\x9f\xadæ\x9c\x9fè¶¨å\x8b¢ç¶\xadæ\x8c\x81å\x81\x8få¤\x9a']",['è·\x9dçª\x81ç\xa0´ä½\x8dç½®å°\x9aå\x8f¯'],['æ\x88\x90äº¤é\x87\x8fé«\x98æ\x96¼20æ\x97¥å\x9d\x87é\x87\x8f'],[],13,連接器 / 高速線材,46,50,35,æ«ä¸èæ®,å°æªæç,ä¸­é·æä¸è¬,æ­£å¨æ¥è¿20æ¥å£åå | 連接器 / 高速線材æç¾¤ç¸å°å¼·å¢,ä»éè§å¯éæ¥éç¤èæäº¤éç¢ºèª,ææ¥è¥çªç ´ 1770.00 ä¸éè½åæ­¥æ¾å¤§ï¼å¯è¦çºé²å ´è§¸ç¼ï¼è¥ç´æ¥è·³ç©ºé«æ¼ 1823.03ï¼ä¸å»ºè­°è¿½å¹ã,True,60,66,129,1633.43,1664.6,1770.0,1823.03,1608.93,1480.05,3.34,12.42,1775.94,1831.61,2.0
3545,敦泰,上市,半導體業,3545.TW,IC Design,False,2026-09-24,51.0,51.52,50.4,50.38,50.48,52.35,52.2,52.83,1.4,53.4,47.7,47.7,43.43,1.39,-9.52,0.54,1.23,4.49,19,10,0,0,-3.07,-11.66,"['è\x82¡å\x83¹ç«\x99ä¸\x8a20æ\x97¥å\x9d\x87ç·\x9a', 'MA5 > MA10 > MA20ï¼\x8cå¤\x9aé\xa0\xadæ\x8e\x92å\x88\x97', 'ä¸\xadç\x9f\xadæ\x9c\x9fè¶¨å\x8b¢ç¶\xadæ\x8c\x81å\x81\x8få¤\x9a']",['è·\x9dçª\x81ç\xa0´ä½\x8dç½®å°\x9aå\x8f¯'],[],[],12,IC Design,41,60,35,æ«ä¸èæ®,å°æªæç,ä¸­é·æä¸è¬,ç­æåç·åå¤é ­æå | æ­£å¨æ¥è¿20æ¥å£åå | IC Designæç¾¤ç¸å°å¼·å¢,ç®åéè½ä»ä¸è¶³,ææ¥è¥çªç ´ 53.40 ä¸éè½åæ­¥æ¾å¤§ï¼å¯è¦çºé²å ´è§¸ç¼ï¼è¥ç´æ¥è·³ç©ºé«æ¼ 54.45ï¼ä¸å»ºè­°è¿½å¹ã,False,73,57,122,49.9,51.0,53.4,54.45,49.15,48.97,3.63,3.99,54.7,56.56,2.0
3563,牧德,上市,光電業,3563.TW,半導體設備,False,2026-09-24,769.0,712.8,681.2,686.5,679.85,744.59,638.46,67.95,27.14,774.0,639.0,639.0,552.0,10.97,-4.94,2.49,12.02,0.65,17,23,20,7,6.51,-7.08,"['è\x82¡å\x83¹ç«\x99ä¸\x8a20æ\x97¥å\x9d\x87ç·\x9a', 'MA20ä½\x8dæ\x96¼MA60ä¹\x8bä¸\x8a', 'ä¸\xadç\x9f\xadæ\x9c\x9fè¶¨å\x8b¢ç¶\xadæ\x8c\x81å\x81\x8få¤\x9a']",['è·\x9d20æ\x97¥çª\x81ç\xa0´å\x83¹ä¸\x8då\x88°1%'],['æ\x88\x90äº¤é\x87\x8fè¶\x85é\x81\x8e20æ\x97¥å\x9d\x87é\x87\x8f2å\x80\x8d'],['è¿\x9120æ\x97¥è¡¨ç\x8f¾å\x84ªæ\x96¼å¤§ç\x9b¤ 6.5%'],5,半導體設備,60,60,45,éç±ï¼ä¸è¿½å¹,å°æªæç,ä¸­é·æä¸è¬,ä¸­æè¶¨å¢ç¶­æåä¸ | å·²éå¸¸æ¥è¿20æ¥çªç ´ä½ç½® | æäº¤éæ¾å¤§è³20æ¥åé 2.49 å | è¿20æ¥ç¸å°å¤§ç¤å¼· 6.5% | 半導體設備æç¾¤ç¸å°å¼·å¢,è¡å¹èMA20ä¹é¢éå¤§,ææ¥è¥çªç ´ 774.00 ä¸éè½åæ­¥æ¾å¤§ï¼å¯è¦çºé²å ´è§¸ç¼ï¼è¥ç´æ¥è·³ç©ºé«æ¼ 794.36ï¼ä¸å»ºè­°è¿½å¹ã,True,31,53,97,753.62,769.0,774.0,794.36,712.91,687.58,7.29,10.59,881.18,937.27,2.0
3583,辛耘,上市,半導體業,3583.TW,"先進封裝,半導體設備",False,2026-09-24,698.0,699.4,690.7,713.4,726.21,771.43,561.07,47.12,24.86,818.0,664.0,664.0,573.0,-8.16,-22.41,0.32,-2.16,14.67,5,0,0,0,-12.62,-24.55,['ä¸\xadç\x9f\xadæ\x9c\x9fè¶¨å\x8b¢ç¶\xadæ\x8c\x81å\x81\x8få¤\x9a'],[],[],[],10,先進封裝,15,10,25,æ«ä¸èæ®,å°æªæç,ä¸­é·æä¸è¬,先進封裝æç¾¤ç¸å°å¼·å¢,ç®åéè½ä»ä¸è¶³ | è·é¢çªç ´ä½ç½®ä»è¼é ,ææ¥è¥çªç ´ 818.00 ä¸éè½åæ­¥æ¾å¤§ï¼å¯è¦çºé²å ´è§¸ç¼ï¼è¥ç´æ¥è·³ç©ºé«æ¼ 836.64ï¼ä¸å»ºè­°è¿½å¹ã,False,136,114,135,684.04,698.0,818.0,836.64,660.68,623.42,5.35,10.68,772.64,809.96,2.0
3596,智易,上市,通信網路業,3596.TW,"高速網通,低軌衛星,科技",False,2026-09-24,153.5,154.1,153.75,156.05,170.62,175.61,177.43,39.8,3.0,163.0,151.5,151.5,151.5,-4.06,-19.84,1.16,-1.63,5.83,5,10,10,0,-8.52,-21.98,['ä¸\xadç\x9f\xadæ\x9c\x9fè¶¨å\x8b¢ç¶\xadæ\x8c\x81å\x81\x8få¤\x9a'],['è·\x9dçª\x81ç\xa0´ä½\x8dç½®å°\x9aå\x8f¯'],['æ\x88\x90äº¤é\x87\x8fé«\x98æ\x96¼20æ\x97¥å\x9d\x87é\x87\x8f'],[],9,科技,34,20,0,æ«ä¸èæ®,å°æªæç,ä¸­é·æä¸è¬,科技æç¾¤ç¸å°å¼·å¢,ä»éè§å¯éæ¥éç¤èæäº¤éç¢ºèª,ææ¥è¥çªç ´ 163.00 ä¸éè½åæ­¥æ¾å¤§ï¼å¯è¦çºé²å ´è§¸ç¼ï¼è¥ç´æ¥è·³ç©ºé«æ¼ 165.25ï¼ä¸å»ºè­°è¿½å¹ã,False,82,91,152,150.43,153.5,163.0,165.25,145.93,149.98,4.93,2.29,168.64,176.21,2.0
3605,宏致,上市,電子零組件業,3605.TW,連接器 / 高速線材,False,2026-09-24,183.5,171.6,151.45,138.57,111.69,93.73,78.32,79.59,11.57,188.5,118.0,111.5,71.47,53.56,106.59,0.69,32.42,2.65,25,17,0,15,49.1,104.45,"['è\x82¡å\x83¹ç«\x99ä¸\x8a20æ\x97¥å\x9d\x87ç·\x9a', 'MA5 > MA10 > MA20ï¼\x8cå¤\x9aé\xa0\xadæ\x8e\x92å\x88\x97', 'MA20ä½\x8dæ\x96¼MA60ä¹\x8bä¸\x8a', 'ä¸\xadç\x9f\xadæ\x9c\x9fè¶¨å\x8b¢ç¶\xadæ\x8c\x81å\x81\x8få¤\x9a']",['æ\x8e¥è¿\x9120æ\x97¥çª\x81ç\xa0´å\x8d\x80'],[],['è¿\x9120æ\x97¥è¡¨ç\x8f¾å\x84ªæ\x96¼å¤§ç\x9b¤ 49.1%'],13,連接器 / 高速線材,35,68,100,éç±ï¼ä¸è¿½å¹,éç±,ä¸­é·æè¶¨å¢å¼·,ç­æåç·åå¤é ­æå | ä¸­æè¶¨å¢ç¶­æåä¸ | æ­£å¨æ¥è¿20æ¥å£åå | è¿20æ¥ç¸å°å¤§ç¤å¼· 49.1% | 連接器 / 高速線材æç¾¤ç¸å°å¼·å¢,RSIé²å¥éç±åï¼ä¸é©åè¿½å¹ | è¡å¹èMA20ä¹é¢éå¤§ | ç®åéè½ä»ä¸è¶³,ææ¥è¥çªç ´ 188.50 ä¸éè½åæ­¥æ¾å¤§ï¼å¯è¦çºé²å ´è§¸ç¼ï¼è¥ç´æ¥è·³ç©ºé«æ¼ 194.16ï¼ä¸å»ºè­°è¿½å¹ã,True,81,45,1,179.83,183.5,188.5,194.16,162.47,148.79,11.46,18.92,225.55,246.58,2.0
3653,健策,上市,電子零組件業,3653.TW,"散熱,AI,科技",False,2026-09-24,6920.0,6095.0,5796.5,5782.0,4618.97,4303.27,3546.75,73.65,377.5,6410.0,5210.0,5210.0,2971.55,22.59,100.37,2.31,19.68,-7.96,25,25,20,15,18.13,98.23,"['è\x82¡å\x83¹ç«\x99ä¸\x8a20æ\x97¥å\x9d\x87ç·\x9a', 'MA5 > MA10 > MA20ï¼\x8cå¤\x9aé\xa0\xadæ\x8e\x92å\x88\x97', 'MA20ä½\x8dæ\x96¼MA60ä¹\x8bä¸\x8a', 'ä¸\xadç\x9f\xadæ\x9c\x9fè¶¨å\x8b¢ç¶\xadæ\x8c\x81å\x81\x8få¤\x9a']",['å·²çª\x81ç\xa0´20æ\x97¥é«\x98é»\x9e'],['æ\x88\x90äº¤é\x87\x8fè¶\x85é\x81\x8e20æ\x97¥å\x9d\x87é\x87\x8f2å\x80\x8d'],['è¿\x9120æ\x97¥è¡¨ç\x8f¾å\x84ªæ\x96¼å¤§ç\x9b¤ 18.1%'],15,散熱,73,87,100,éç±ï¼ä¸è¿½å¹,æºåé²å ´,ä¸­é·æè¶¨å¢å¼·,ç­æåç·åå¤é ­æå | ä¸­æè¶¨å¢ç¶­æåä¸ | å·²éå¸¸æ¥è¿20æ¥çªç ´ä½ç½® | æäº¤éæ¾å¤§è³20æ¥åé 2.31 å | è¿20æ¥ç¸å°å¤§ç¤å¼· 18.1%,RSIåé«ï¼æ³¨æéæ¥è¿½å¹é¢¨éª | è¡å¹èMA20ä¹é¢éå¤§,ææ¥è¥çªç ´ 6410.00 ä¸éè½åæ­¥æ¾å¤§ï¼å¯è¦çºé²å ´è§¸ç¼ï¼è¥ç´æ¥è·³ç©ºé«æ¼ 6602.30ï¼ä¸å»ºè­°è¿½å¹ã,True,8,18,2,6781.6,6920.0,6410.0,6602.3,6215.35,5787.5,10.18,16.37,8329.3,9033.95,2.0
3661,世芯-KY,上市,半導體業,3661.TW,"IC Design,ASIC / IP,AI",False,2026-09-24,3770.0,3690.0,3568.5,3823.56,3737.52,3971.86,3616.0,50.78,202.5,4316.26,3260.0,3260.0,2609.6,-1.82,-22.38,0.44,-1.4,12.66,11,0,0,0,-6.28,-24.52,"['MA20ä½\x8dæ\x96¼MA60ä¹\x8bä¸\x8a', 'ä¸\xadç\x9f\xadæ\x9c\x9fè¶¨å\x8b¢ç¶\xadæ\x8c\x81å\x81\x8få¤\x9a']",[],[],[],14,ASIC / IP,25,10,45,æ«ä¸èæ®,å°æªæç,ä¸­é·æä¸è¬,ä¸­æè¶¨å¢ç¶­æåä¸ | ASIC / IPæç¾¤ç¸å°å¼·å¢,ç®åéè½ä»ä¸è¶³ | è·é¢çªç ´ä½ç½®ä»è¼é ,ææ¥è¥çªç ´ 4316.26 ä¸éè½åæ­¥æ¾å¤§ï¼å¯è¦çºé²å ´è§¸ç¼ï¼è¥ç´æ¥è·³ç©ºé«æ¼ 4445.75ï¼ä¸å»ºè­°è¿½å¹ã,False,105,99,105,3694.6,3770.0,4316.26,4445.75,3390.85,3625.39,10.06,3.84,4528.3,4907.45,2.0
3665,貿聯-KY,上市,其他電子業,3665.TW,"連接器 / 高速線材,AI",False,2026-09-24,2340.0,2287.0,2125.0,2116.0,2090.88,2183.18,1823.8,60.92,124.64,2375.0,1810.0,1810.0,1685.0,13.87,15.71,1.41,10.59,1.47,25,21,15,12,9.41,13.57,"['è\x82¡å\x83¹ç«\x99ä¸\x8a20æ\x97¥å\x9d\x87ç·\x9a', 'MA5 > MA10 > MA20ï¼\x8cå¤\x9aé\xa0\xadæ\x8e\x92å\x88\x97', 'MA20ä½\x8dæ\x96¼MA60ä¹\x8bä¸\x8a', 'ä¸\xadç\x9f\xadæ\x9c\x9fè¶¨å\x8b¢ç¶\xadæ\x8c\x81å\x81\x8få¤\x9a']",['é\x9d\x9eå¸¸æ\x8e¥è¿\x9120æ\x97¥çª\x81ç\xa0´'],['é\x87\x8fè\x83½é\x96\x8bå§\x8bæ\x93´å¼µ'],['è¿\x9120æ\x97¥è¡¨ç\x8f¾å\x84ªæ\x96¼å¤§ç\x9b¤ 9.4%'],13,連接器 / 高速線材,81,97,80,ææ¥é²å ´åé¸,æºåé²å ´,ä¸­é·æè¶¨å¢å¼·,ç­æåç·åå¤é ­æå | ä¸­æè¶¨å¢ç¶­æåä¸ | å·²éå¸¸æ¥è¿20æ¥çªç ´ä½ç½® | æäº¤ééå§æ´å¼µ | è¿20æ¥ç¸å°å¤§ç¤å¼· 9.4%,ä»éè§å¯éæ¥éç¤èæäº¤éç¢ºèª,ææ¥è¥çªç ´ 2375.00 ä¸éè½åæ­¥æ¾å¤§ï¼å¯è¦çºé²å ´è§¸ç¼ï¼è¥ç´æ¥è·³ç©ºé«æ¼ 2446.25ï¼ä¸å»ºè­°è¿½å¹ã,True,2,4,42,2293.2,2340.0,2375.0,2446.25,2106.24,2028.15,9.99,13.33,2807.52,3041.28,2.0
3680,家登,上櫃,半導體業,3680.TWO,"先進封裝,半導體設備",False,2026-09-24,542.0,537.8,523.25,523.42,486.0,499.05,432.74,57.57,24.86,573.0,488.5,484.0,365.0,10.5,-2.34,0.68,3.55,5.41,17,10,0,7,6.04,-4.48,"['è\x82¡å\x83¹ç«\x99ä¸\x8a20æ\x97¥å\x9d\x87ç·\x9a', 'MA20ä½\x8dæ\x96¼MA60ä¹\x8bä¸\x8a', 'ä¸\xadç\x9f\xadæ\x9c\x9fè¶¨å\x8b¢ç¶\xadæ\x8c\x81å\x81\x8få¤\x9a']",['è·\x9dçª\x81ç\xa0´ä½\x8dç½®å°\x9aå\x8f¯'],[],['è¿\x9120æ\x97¥è¡¨ç\x8f¾å\x84ªæ\x96¼å¤§ç\x9b¤ 6.0%'],10,先進封裝,44,55,55,æ«ä¸èæ®,å°æªæç,ä¸­é·æä¸è¬,ä¸­æè¶¨å¢ç¶­æåä¸ | è¿20æ¥ç¸å°å¤§ç¤å¼· 6.0% | 先進封裝æç¾¤ç¸å°å¼·å¢,ç®åéè½ä»ä¸è¶³,ææ¥è¥çªç ´ 573.00 ä¸éè½åæ­¥æ¾å¤§ï¼å¯è¦çºé²å ´è§¸ç¼ï¼è¥ç´æ¥è·³ç©ºé«æ¼ 590.19ï¼ä¸å»ºè­°è¿½å¹ã,True,65,61,77,522.11,531.27,573.0,590.19,514.28,471.42,3.2,13.02,565.25,582.24,2.0
3704,合勤控,上市,通信網路業,3704.TW,高速網通,False,2026-09-24,40.5,41.08,40.74,40.62,43.42,42.16,38.01,46.25,1.31,43.6,38.85,38.85,38.85,-4.59,-8.92,0.4,-0.28,7.11,13,0,0,0,-9.05,-11.06,"['MA5 > MA10 > MA20ï¼\x8cå¤\x9aé\xa0\xadæ\x8e\x92å\x88\x97', 'ä¸\xadç\x9f\xadæ\x9c\x9fè¶¨å\x8b¢ç¶\xadæ\x8c\x81å\x81\x8få¤\x9a']",[],[],[],3,高速網通,16,20,35,æ«ä¸èæ®,å°æªæç,ä¸­é·æä¸è¬,ç­æåç·åå¤é ­æå | 高速網通æç¾¤ç¸å°å¼·å¢,ç®åéè½ä»ä¸è¶³ | è·é¢çªç ´ä½ç½®ä»è¼é ,ææ¥è¥çªç ´ 43.60 ä¸éè½åæ­¥æ¾å¤§ï¼å¯è¦çºé²å ´è§¸ç¼ï¼è¥ç´æ¥è·³ç©ºé«æ¼ 44.58ï¼ä¸å»ºè­°è¿½å¹ã,False,129,92,121,40.33,40.5,43.6,44.58,39.73,38.46,1.91,5.03,42.04,42.82,2.0
3706,神達,上市,電腦及週邊設備業,3706.TW,"AI Server,AI",False,2026-09-24,78.5,79.34,79.26,80.37,79.53,77.22,76.33,44.47,1.51,83.94,77.6,77.6,73.17,-1.98,-3.98,0.38,-2.32,6.48,11,10,0,0,-6.44,-6.12,"['MA20ä½\x8dæ\x96¼MA60ä¹\x8bä¸\x8a', 'ä¸\xadç\x9f\xadæ\x9c\x9fè¶¨å\x8b¢ç¶\xadæ\x8c\x81å\x81\x8få¤\x9a']",['è·\x9dçª\x81ç\xa0´ä½\x8dç½®å°\x9aå\x8f¯'],[],[],9,AI,30,10,55,æ«ä¸èæ®,å°æªæç,ä¸­é·æä¸è¬,ä¸­æè¶¨å¢ç¶­æåä¸ | AIæç¾¤ç¸å°å¼·å¢,ç®åéè½ä»ä¸è¶³,ææ¥è¥çªç ´ 83.94 ä¸éè½åæ­¥æ¾å¤§ï¼å¯è¦çºé²å ´è§¸ç¼ï¼è¥ç´æ¥è·³ç©ºé«æ¼ 85.07ï¼ä¸å»ºè­°è¿½å¹ã,False,89,100,78,76.93,78.5,83.94,85.07,74.66,77.14,4.89,1.73,86.17,90.01,2.0
3711,日月光投控,上市,半導體業,3711.TW,"半導體,先進封裝",False,2026-09-24,699.0,677.2,642.7,626.85,618.93,580.42,423.43,67.16,27.43,711.0,592.0,565.0,465.5,15.54,-2.97,0.62,11.51,1.69,25,21,0,9,11.08,-5.11,"['è\x82¡å\x83¹ç«\x99ä¸\x8a20æ\x97¥å\x9d\x87ç·\x9a', 'MA5 > MA10 > MA20ï¼\x8cå¤\x9aé\xa0\xadæ\x8e\x92å\x88\x97', 'MA20ä½\x8dæ\x96¼MA60ä¹\x8bä¸\x8a', 'ä¸\xadç\x9f\xadæ\x9c\x9fè¶¨å\x8b¢ç¶\xadæ\x8c\x81å\x81\x8få¤\x9a']",['é\x9d\x9eå¸¸æ\x8e¥è¿\x9120æ\x97¥çª\x81ç\xa0´'],[],['è¿\x9120æ\x97¥è¡¨ç\x8f¾å\x84ªæ\x96¼å¤§ç\x9b¤ 11.1%'],14,半導體,64,87,75,æ«ä¸èæ®,æºåé²å ´,ä¸­é·ææçºè¿½è¹¤,ç­æåç·åå¤é ­æå | ä¸­æè¶¨å¢ç¶­æåä¸ | å·²éå¸¸æ¥è¿20æ¥çªç ´ä½ç½® | è¿20æ¥ç¸å°å¤§ç¤å¼· 11.1% | 半導體æç¾¤ç¸å°å¼·å¢,ç®åéè½ä»ä¸è¶³,ææ¥è¥çªç ´ 711.00 ä¸éè½åæ­¥æ¾å¤§ï¼å¯è¦çºé²å ´è§¸ç¼ï¼è¥ç´æ¥è·³ç©ºé«æ¼ 731.57ï¼ä¸å»ºè­°è¿½å¹ã,True,24,19,55,685.02,699.0,711.0,731.57,643.88,616.71,7.89,11.77,809.25,864.38,2.0
3715,定穎投控,上市,電子零組件業,3715.TW,"PCB / CCL / ABF,AI PC",False,2026-09-24,123.0,122.8,121.9,123.28,122.64,149.85,139.0,51.11,6.36,138.0,118.5,114.5,89.5,5.58,-29.91,0.43,-0.22,10.87,11,0,0,5,1.12,-32.05,"['MA20ä½\x8dæ\x96¼MA60ä¹\x8bä¸\x8a', 'ä¸\xadç\x9f\xadæ\x9c\x9fè¶¨å\x8b¢ç¶\xadæ\x8c\x81å\x81\x8få¤\x9a']",[],[],['è¿\x9120æ\x97¥è¡¨ç\x8f¾å\x84ªæ\x96¼å¤§ç\x9b¤ 1.1%'],7,PCB / CCL / ABF,23,15,35,æ«ä¸èæ®,å°æªæç,ä¸­é·æä¸è¬,ä¸­æè¶¨å¢ç¶­æåä¸ | è¿20æ¥ç¸å°å¤§ç¤å¼· 1.1% | PCB / CCL / ABFæç¾¤ç¸å°å¼·å¢,ç®åéè½ä»ä¸è¶³ | è·é¢çªç ´ä½ç½®ä»è¼é ,ææ¥è¥çªç ´ 138.00 ä¸éè½åæ­¥æ¾å¤§ï¼å¯è¦çºé²å ´è§¸ç¼ï¼è¥ç´æ¥è·³ç©ºé«æ¼ 142.14ï¼ä¸å»ºè­°è¿½å¹ã,False,112,95,130,122.05,123.0,138.0,142.14,120.22,118.96,2.26,3.28,128.57,131.35,2.0
4540,全球傳動,上市,電機機械,4540.TW,機器人 / 自動化,False,2026-09-24,60.0,59.84,59.03,59.1,56.88,59.82,50.32,54.71,2.29,63.6,55.4,55.4,42.2,-2.28,-3.69,0.58,1.52,5.66,17,10,0,0,-6.74,-5.83,"['è\x82¡å\x83¹ç«\x99ä¸\x8a20æ\x97¥å\x9d\x87ç·\x9a', 'MA20ä½\x8dæ\x96¼MA60ä¹\x8bä¸\x8a', 'ä¸\xadç\x9f\xadæ\x9c\x9fè¶¨å\x8b¢ç¶\xadæ\x8c\x81å\x81\x8få¤\x9a']",['è·\x9dçª\x81ç\xa0´ä½\x8dç½®å°\x9aå\x8f¯'],[],[],6,機器人 / 自動化,33,30,45,æ«ä¸èæ®,å°æªæç,ä¸­é·æä¸è¬,ä¸­æè¶¨å¢ç¶­æåä¸ | 機器人 / 自動化æç¾¤ç¸å°å¼·å¢,ç®åéè½ä»ä¸è¶³,ææ¥è¥çªç ´ 63.60 ä¸éè½åæ­¥æ¾å¤§ï¼å¯è¦çºé²å ´è§¸ç¼ï¼è¥ç´æ¥è·³ç©ºé«æ¼ 65.32ï¼ä¸å»ºè­°è¿½å¹ã,True,84,82,96,58.51,59.99,63.6,65.32,57.63,55.17,3.93,8.04,64.7,67.05,2.0
4576,大銀微系統,上市,電機機械,4576.TW,機器人 / 自動化,False,2026-09-24,225.0,230.8,231.9,232.88,215.35,217.8,165.53,48.72,12.14,258.0,222.5,204.0,162.0,4.41,-3.91,0.25,-3.38,12.79,11,0,0,2,-0.05,-6.05,"['MA20ä½\x8dæ\x96¼MA60ä¹\x8bä¸\x8a', 'ä¸\xadç\x9f\xadæ\x9c\x9fè¶¨å\x8b¢ç¶\xadæ\x8c\x81å\x81\x8få¤\x9a']",[],[],[],6,機器人 / 自動化,19,0,35,æ«ä¸èæ®,å°æªæç,ä¸­é·æä¸è¬,ä¸­æè¶¨å¢ç¶­æåä¸ | 機器人 / 自動化æç¾¤ç¸å°å¼·å¢,ç®åéè½ä»ä¸è¶³ | è·é¢çªç ´ä½ç½®ä»è¼é ,ææ¥è¥çªç ´ 258.00 ä¸éè½åæ­¥æ¾å¤§ï¼å¯è¦çºé²å ´è§¸ç¼ï¼è¥ç´æ¥è·³ç©ºé«æ¼ 265.74ï¼ä¸å»ºè­°è¿½å¹ã,False,121,123,115,216.07,221.52,258.0,265.74,197.86,208.89,10.68,7.16,268.86,292.52,2.0
4906,正文,上市,通信網路業,4906.TW,"高速網通,低軌衛星",False,2026-09-24,37.65,37.99,36.81,36.7,36.17,38.57,33.03,55.31,1.12,40.6,34.85,34.85,28.65,1.21,-10.99,0.38,2.57,7.27,25,0,0,0,-3.25,-13.13,"['è\x82¡å\x83¹ç«\x99ä¸\x8a20æ\x97¥å\x9d\x87ç·\x9a', 'MA5 > MA10 > MA20ï¼\x8cå¤\x9aé\xa0\xadæ\x8e\x92å\x88\x97', 'MA20ä½\x8dæ\x96¼MA60ä¹\x8bä¸\x8a', 'ä¸\xadç\x9f\xadæ\x9c\x9fè¶¨å\x8b¢ç¶\xadæ\x8c\x81å\x81\x8få¤\x9a']",[],[],[],6,低軌衛星,31,40,45,æ«ä¸èæ®,å°æªæç,ä¸­é·æä¸è¬,ç­æåç·åå¤é ­æå | ä¸­æè¶¨å¢ç¶­æåä¸ | 低軌衛星æç¾¤ç¸å°å¼·å¢,ç®åéè½ä»ä¸è¶³ | è·é¢çªç ´ä½ç½®ä»è¼é ,ææ¥è¥çªç ´ 40.60 ä¸éè½åæ­¥æ¾å¤§ï¼å¯è¦çºé²å ´è§¸ç¼ï¼è¥ç´æ¥è·³ç©ºé«æ¼ 41.44ï¼ä¸å»ºè­°è¿½å¹ã,False,87,76,100,36.75,37.36,40.6,41.44,36.15,35.08,3.25,6.81,39.79,41.0,2.0
4908,前鼎,上櫃,通信網路業,4908.TWO,CPO / 矽光子,False,2026-09-24,210.0,223.6,228.35,225.03,176.57,191.07,136.86,49.67,17.57,265.0,207.5,175.0,116.23,7.42,22.54,0.41,-6.68,20.75,11,0,0,11,2.96,20.4,"['MA20ä½\x8dæ\x96¼MA60ä¹\x8bä¸\x8a', 'ä¸\xadç\x9f\xadæ\x9c\x9fè¶¨å\x8b¢ç¶\xadæ\x8c\x81å\x81\x8få¤\x9a']",[],[],['è¿\x9120æ\x97¥è¡¨ç\x8f¾å\x84ªæ\x96¼å¤§ç\x9b¤ 3.0%'],0,CPO / 矽光子,22,15,60,æ«ä¸èæ®,å°æªæç,ä¸­é·æä¸è¬,ä¸­æè¶¨å¢ç¶­æåä¸ | è¿20æ¥ç¸å°å¤§ç¤å¼· 3.0% | CPO / 矽光子æç¾¤ç¸å°å¼·å¢,ç®åéè½ä»ä¸è¶³ | è·é¢çªç ´ä½ç½®ä»è¼é ,ææ¥è¥çªç ´ 265.00 ä¸éè½åæ­¥æ¾å¤§ï¼å¯è¦çºé²å ´è§¸ç¼ï¼è¥ç´æ¥è·³ç©ºé«æ¼ 272.95ï¼ä¸å»ºè­°è¿½å¹ã,False,116,94,73,201.66,206.76,265.0,272.95,175.31,171.27,15.21,18.44,269.65,301.1,2.0
4931,新盛力,上櫃,電腦及週邊設備業,4931.TWO,Power / BBU,False,2026-09-24,241.5,239.5,235.7,243.75,235.27,217.31,182.35,50.04,10.86,288.0,223.0,223.0,160.0,-9.04,2.11,0.29,-0.92,16.15,11,0,0,0,-13.5,-0.02,"['MA20ä½\x8dæ\x96¼MA60ä¹\x8bä¸\x8a', 'ä¸\xadç\x9f\xadæ\x9c\x9fè¶¨å\x8b¢ç¶\xadæ\x8c\x81å\x81\x8få¤\x9a']",[],[],[],1,Power / BBU,12,0,65,æ«ä¸èæ®,å°æªæç,ä¸­é·ææçºè¿½è¹¤,ä¸­æè¶¨å¢ç¶­æåä¸ | Power / BBUæç¾¤ç¸å°å¼·å¢,ç®åéè½ä»ä¸è¶³ | è·é¢çªç ´ä½ç½®ä»è¼é ,ææ¥è¥çªç ´ 288.00 ä¸éè½åæ­¥æ¾å¤§ï¼å¯è¦çºé²å ´è§¸ç¼ï¼è¥ç´æ¥è·³ç©ºé«æ¼ 296.14ï¼ä¸å»ºè­°è¿½å¹ã,False,146,144,68,241.31,241.5,288.0,296.14,237.69,228.21,1.58,5.5,249.11,252.92,2.0
4938,和碩,上市,電腦及週邊設備業,4938.TW,"AI PC,Apple,科技",False,2026-09-24,91.3,90.74,90.26,90.91,87.93,84.54,76.79,53.99,1.89,95.6,88.3,87.7,79.1,2.13,9.74,0.88,0.43,4.5,17,10,5,5,-2.33,7.6,"['è\x82¡å\x83¹ç«\x99ä¸\x8a20æ\x97¥å\x9d\x87ç·\x9a', 'MA20ä½\x8dæ\x96¼MA60ä¹\x8bä¸\x8a', 'ä¸\xadç\x9f\xadæ\x9c\x9fè¶¨å\x8b¢ç¶\xadæ\x8c\x81å\x81\x8få¤\x9a']",['è·\x9dçª\x81ç\xa0´ä½\x8dç½®å°\x9aå\x8f¯'],[],[],9,科技,46,40,90,æ«ä¸èæ®,å°æªæç,ä¸­é·æè¶¨å¢å¼·,ä¸­æè¶¨å¢ç¶­æåä¸ | æ­£å¨æ¥è¿20æ¥å£åå | 科技æç¾¤ç¸å°å¼·å¢,ä»éè§å¯éæ¥éç¤èæäº¤éç¢ºèª,ææ¥è¥çªç ´ 95.60 ä¸éè½åæ­¥æ¾å¤§ï¼å¯è¦çºé²å ´è§¸ç¼ï¼è¥ç´æ¥è·³ç©ºé«æ¼ 97.02ï¼ä¸å»ºè­°è¿½å¹ã,True,61,74,25,90.0,91.3,95.6,97.02,88.65,85.63,2.9,6.21,96.6,99.25,2.0
4958,臻鼎-KY,上市,電子零組件業,4958.TW,"PCB / CCL / ABF,Apple",False,2026-09-24,475.5,476.1,481.2,488.2,495.31,474.68,319.99,47.91,23.04,550.0,463.5,446.5,368.0,-0.31,-20.48,0.66,-2.6,13.55,5,0,0,0,-4.77,-22.62,['ä¸\xadç\x9f\xadæ\x9c\x9fè¶¨å\x8b¢ç¶\xadæ\x8c\x81å\x81\x8få¤\x9a'],[],[],[],7,PCB / CCL / ABF,12,0,35,æ«ä¸èæ®,å°æªæç,ä¸­é·æä¸è¬,PCB / CCL / ABFæç¾¤ç¸å°å¼·å¢,ç®åéè½ä»ä¸è¶³ | è·é¢çªç ´ä½ç½®ä»è¼é ,ææ¥è¥çªç ´ 550.00 ä¸éè½åæ­¥æ¾å¤§ï¼å¯è¦çºé²å ´è§¸ç¼ï¼è¥ç´æ¥è·³ç©ºé«æ¼ 566.50ï¼ä¸å»ºè­°è¿½å¹ã,False,144,127,128,465.99,475.5,550.0,566.5,459.0,406.38,3.47,14.54,508.5,525.0,2.0
4961,天鈺,上市,半導體業,4961.TW,IC Design,False,2026-09-24,180.5,180.9,179.3,173.88,167.55,162.79,151.64,60.15,5.79,186.0,168.0,158.5,142.5,9.39,8.73,0.42,3.81,2.96,25,17,0,8,4.94,6.6,"['è\x82¡å\x83¹ç«\x99ä¸\x8a20æ\x97¥å\x9d\x87ç·\x9a', 'MA5 > MA10 > MA20ï¼\x8cå¤\x9aé\xa0\xadæ\x8e\x92å\x88\x97', 'MA20ä½\x8dæ\x96¼MA60ä¹\x8bä¸\x8a', 'ä¸\xadç\x9f\xadæ\x9c\x9fè¶¨å\x8b¢ç¶\xadæ\x8c\x81å\x81\x8få¤\x9a']",['æ\x8e¥è¿\x9120æ\x97¥çª\x81ç\xa0´å\x8d\x80'],[],['è¿\x9120æ\x97¥è¡¨ç\x8f¾å\x84ªæ\x96¼å¤§ç\x9b¤ 4.9%'],12,IC Design,62,83,100,æ«ä¸èæ®,æºåé²å ´,ä¸­é·æè¶¨å¢å¼·,ç­æåç·åå¤é ­æå | ä¸­æè¶¨å¢ç¶­æåä¸ | æ­£å¨æ¥è¿20æ¥å£åå | è¿20æ¥ç¸å°å¤§ç¤å¼· 4.9% | IC Designæç¾¤ç¸å°å¼·å¢,ç®åéè½ä»ä¸è¶³,ææ¥è¥çªç ´ 186.00 ä¸éè½åæ­¥æ¾å¤§ï¼å¯è¦çºé²å ´è§¸ç¼ï¼è¥ç´æ¥è·³ç©ºé«æ¼ 190.34ï¼ä¸å»ºè­°è¿½å¹ã,False,30,31,11,177.51,180.5,186.0,190.34,171.27,163.13,5.11,9.62,198.96,208.18,2.0
4966,譜瑞-KY,上櫃,半導體業,4966.TWO,IC Design,False,2026-09-24,572.0,570.6,553.8,559.45,579.97,620.1,602.27,52.82,16.43,599.0,521.0,521.0,516.0,-3.05,-11.45,0.81,2.24,4.51,11,10,5,0,-7.51,-13.59,"['è\x82¡å\x83¹ç«\x99ä¸\x8a20æ\x97¥å\x9d\x87ç·\x9a', 'ä¸\xadç\x9f\xadæ\x9c\x9fè¶¨å\x8b¢ç¶\xadæ\x8c\x81å\x81\x8få¤\x9a']",['è·\x9dçª\x81ç\xa0´ä½\x8dç½®å°\x9aå\x8f¯'],[],[],12,IC Design,38,50,35,æ«ä¸èæ®,å°æªæç,ä¸­é·æä¸è¬,æ­£å¨æ¥è¿20æ¥å£åå | IC Designæç¾¤ç¸å°å¼·å¢,ä»éè§å¯éæ¥éç¤èæäº¤éç¢ºèª,ææ¥è¥çªç ´ 599.00 ä¸éè½åæ­¥æ¾å¤§ï¼å¯è¦çºé²å ´è§¸ç¼ï¼è¥ç´æ¥è·³ç©ºé«æ¼ 611.32ï¼ä¸å»ºè­°è¿½å¹ã,True,76,71,125,558.86,567.84,599.0,611.32,550.47,562.57,3.06,1.65,602.58,619.95,2.0
4967,十銓,上市,半導體業,4967.TW,"Memory,AI PC",False,2026-09-24,272.5,274.0,273.6,275.2,252.68,256.11,211.7,51.69,7.61,287.5,266.0,266.0,189.37,-1.09,9.89,0.34,-0.98,5.22,11,10,0,3,-5.55,7.75,"['MA20ä½\x8dæ\x96¼MA60ä¹\x8bä¸\x8a', 'ä¸\xadç\x9f\xadæ\x9c\x9fè¶¨å\x8b¢ç¶\xadæ\x8c\x81å\x81\x8få¤\x9a']",['è·\x9dçª\x81ç\xa0´ä½\x8dç½®å°\x9aå\x8f¯'],[],[],4,AI PC,28,10,60,æ«ä¸èæ®,å°æªæç,ä¸­é·æä¸è¬,ä¸­æè¶¨å¢ç¶­æåä¸ | AI PCæç¾¤ç¸å°å¼·å¢,ç®åéè½ä»ä¸è¶³,ææ¥è¥çªç ´ 287.50 ä¸éè½åæ­¥æ¾å¤§ï¼å¯è¦çºé²å ´è§¸ç¼ï¼è¥ç´æ¥è·³ç©ºé«æ¼ 293.21ï¼ä¸å»ºè­°è¿½å¹ã,False,93,97,75,272.45,272.5,287.5,293.21,268.36,249.67,1.52,8.38,280.78,284.92,2.0
4979,華星光,上櫃,通信網路業,4979.TWO,"CPO / 矽光子,AI",False,2026-09-24,563.0,597.4,567.7,584.85,505.47,536.68,409.38,49.32,40.5,658.0,501.0,501.0,320.5,-8.75,27.17,1.22,-3.74,14.44,11,0,15,6,-13.21,25.03,"['MA20ä½\x8dæ\x96¼MA60ä¹\x8bä¸\x8a', 'ä¸\xadç\x9f\xadæ\x9c\x9fè¶¨å\x8b¢ç¶\xadæ\x8c\x81å\x81\x8få¤\x9a']",[],['é\x87\x8fè\x83½é\x96\x8bå§\x8bæ\x93´å¼µ'],[],9,AI,41,10,60,æ«ä¸èæ®,å°æªæç,ä¸­é·æä¸è¬,ä¸­æè¶¨å¢ç¶­æåä¸ | æäº¤ééå§æ´å¼µ | AIæç¾¤ç¸å°å¼·å¢,è·é¢çªç ´ä½ç½®ä»è¼é ,ææ¥è¥çªç ´ 658.00 ä¸éè½åæ­¥æ¾å¤§ï¼å¯è¦çºé²å ´è§¸ç¼ï¼è¥ç´æ¥è·³ç©ºé«æ¼ 677.74ï¼ä¸å»ºè­°è¿½å¹ã,False,70,115,71,562.02,563.0,658.0,677.74,501.27,490.31,10.96,12.91,686.45,748.18,2.0
5269,祥碩,上市,半導體業,5269.TW,IC Design,False,2026-09-24,1480.0,1481.0,1441.0,1434.0,1424.07,1382.63,1313.28,57.6,45.71,1505.0,1300.0,1300.0,1285.0,1.02,0.47,0.57,3.21,1.66,25,21,0,0,-3.43,-1.67,"['è\x82¡å\x83¹ç«\x99ä¸\x8a20æ\x97¥å\x9d\x87ç·\x9a', 'MA5 > MA10 > MA20ï¼\x8cå¤\x9aé\xa0\xadæ\x8e\x92å\x88\x97', 'MA20ä½\x8dæ\x96¼MA60ä¹\x8bä¸\x8a', 'ä¸\xadç\x9f\xadæ\x9c\x9fè¶¨å\x8b¢ç¶\xadæ\x8c\x81å\x81\x8få¤\x9a']",['é\x9d\x9eå¸¸æ\x8e¥è¿\x9120æ\x97¥çª\x81ç\xa0´'],[],[],12,IC Design,58,72,85,æ«ä¸èæ®,æçºè§å¯,ä¸­é·æè¶¨å¢å¼·,ç­æåç·åå¤é ­æå | ä¸­æè¶¨å¢ç¶­æåä¸ | å·²éå¸¸æ¥è¿20æ¥çªç ´ä½ç½® | IC Designæç¾¤ç¸å°å¼·å¢,ç®åéè½ä»ä¸è¶³,ææ¥è¥çªç ´ 1505.00 ä¸éè½åæ­¥æ¾å¤§ï¼å¯è¦çºé²å ´è§¸ç¼ï¼è¥ç´æ¥è·³ç©ºé«æ¼ 1539.28ï¼ä¸å»ºè­°è¿½å¹ã,False,36,42,32,1443.43,1462.61,1505.0,1539.28,1412.49,1381.35,3.43,6.67,1562.86,1612.99,2.0
5274,信驊,上櫃,半導體業,5274.TWO,IC Design,False,2026-09-24,19835.0,20026.0,19004.0,18382.0,16185.02,15675.26,11359.38,62.18,1070.71,21800.0,17170.0,14815.0,11880.0,29.6,22.92,0.58,7.9,9.01,25,0,0,15,25.14,20.78,"['è\x82¡å\x83¹ç«\x99ä¸\x8a20æ\x97¥å\x9d\x87ç·\x9a', 'MA5 > MA10 > MA20ï¼\x8cå¤\x9aé\xa0\xadæ\x8e\x92å\x88\x97', 'MA20ä½\x8dæ\x96¼MA60ä¹\x8bä¸\x8a', 'ä¸\xadç\x9f\xadæ\x9c\x9fè¶¨å\x8b¢ç¶\xadæ\x8c\x81å\x81\x8få¤\x9a']",[],[],['è¿\x9120æ\x97¥è¡¨ç\x8f¾å\x84ªæ\x96¼å¤§ç\x9b¤ 25.1%'],12,IC Design,52,65,100,æ«ä¸èæ®,æçºè§å¯,ä¸­é·æè¶¨å¢å¼·,ç­æåç·åå¤é ­æå | ä¸­æè¶¨å¢ç¶­æåä¸ | è¿20æ¥ç¸å°å¤§ç¤å¼· 25.1% | IC Designæç¾¤ç¸å°å¼·å¢,ç®åéè½ä»ä¸è¶³ | è·é¢çªç ´ä½ç½®ä»è¼é ,ææ¥è¥çªç ´ 21800.00 ä¸éè½åæ­¥æ¾å¤§ï¼å¯è¦çºé²å ´è§¸ç¼ï¼è¥ç´æ¥è·³ç©ºé«æ¼ 22454.00ï¼ä¸å»ºè­°è¿½å¹ã,False,48,48,6,18978.43,19289.06,21800.0,22454.0,18106.27,16622.87,6.13,16.19,21654.64,22837.43,2.0
5388,中磊,上市,通信網路業,5388.TW,"高速網通,低軌衛星,科技",False,2026-09-24,73.4,72.96,72.53,73.88,80.66,81.7,81.6,41.87,1.59,78.5,70.0,70.0,70.0,-5.29,-8.82,0.63,-0.64,6.5,5,10,0,0,-9.75,-10.96,['ä¸\xadç\x9f\xadæ\x9c\x9fè¶¨å\x8b¢ç¶\xadæ\x8c\x81å\x81\x8få¤\x9a'],['è·\x9dçª\x81ç\xa0´ä½\x8dç½®å°\x9aå\x8f¯'],[],[],9,科技,24,10,15,æ«ä¸èæ®,å°æªæç,ä¸­é·æä¸è¬,科技æç¾¤ç¸å°å¼·å¢,ç®åéè½ä»ä¸è¶³,ææ¥è¥çªç ´ 78.50 ä¸éè½åæ­¥æ¾å¤§ï¼å¯è¦çºé²å ´è§¸ç¼ï¼è¥ç´æ¥è·³ç©ºé«æ¼ 79.69ï¼ä¸å»ºè­°è¿½å¹ã,False,108,108,141,73.14,73.4,78.5,79.69,72.04,69.3,1.85,5.59,76.11,77.47,2.0
5443,均豪,上櫃,半導體業,5443.TWO,半導體設備,False,2026-09-24,107.0,107.5,106.05,109.28,104.22,109.7,100.3,49.95,4.86,123.0,102.0,102.0,77.9,0.47,-11.93,0.35,-2.08,13.01,11,0,0,0,-3.99,-14.07,"['MA20ä½\x8dæ\x96¼MA60ä¹\x8bä¸\x8a', 'ä¸\xadç\x9f\xadæ\x9c\x9fè¶¨å\x8b¢ç¶\xadæ\x8c\x81å\x81\x8få¤\x9a']",[],[],[],5,半導體設備,16,0,35,æ«ä¸èæ®,å°æªæç,ä¸­é·æä¸è¬,ä¸­æè¶¨å¢ç¶­æåä¸ | 半導體設備æç¾¤ç¸å°å¼·å¢,ç®åéè½ä»ä¸è¶³ | è·é¢çªç ´ä½ç½®ä»è¼é ,ææ¥è¥çªç ´ 123.00 ä¸éè½åæ­¥æ¾å¤§ï¼å¯è¦çºé²å ´è§¸ç¼ï¼è¥ç´æ¥è·³ç©ºé«æ¼ 126.64ï¼ä¸å»ºè­°è¿½å¹ã,False,130,125,126,104.86,107.0,123.0,126.64,101.49,101.09,5.15,5.52,118.02,123.53,2.0
5469,瀚宇博,上市,電子零組件業,5469.TW,PCB / CCL / ABF,False,2026-09-24,73.0,72.92,72.84,72.76,73.12,78.27,84.37,50.86,1.64,75.9,70.9,70.9,62.0,0.0,-13.97,0.47,0.33,3.82,19,17,0,0,-4.46,-16.11,"['è\x82¡å\x83¹ç«\x99ä¸\x8a20æ\x97¥å\x9d\x87ç·\x9a', 'MA5 > MA10 > MA20ï¼\x8cå¤\x9aé\xa0\xadæ\x8e\x92å\x88\x97', 'ä¸\xadç\x9f\xadæ\x9c\x9fè¶¨å\x8b¢ç¶\xadæ\x8c\x81å\x81\x8få¤\x9a']",['æ\x8e¥è¿\x9120æ\x97¥çª\x81ç\xa0´å\x8d\x80'],[],[],7,PCB / CCL / ABF,43,58,10,æ«ä¸èæ®,å°æªæç,ä¸­é·æä¸è¬,ç­æåç·åå¤é ­æå | æ­£å¨æ¥è¿20æ¥å£åå | PCB / CCL / ABFæç¾¤ç¸å°å¼·å¢,ç®åéè½ä»ä¸è¶³,ææ¥è¥çªç ´ 75.90 ä¸éè½åæ­¥æ¾å¤§ï¼å¯è¦çºé²å ´è§¸ç¼ï¼è¥ç´æ¥è·³ç©ºé«æ¼ 77.13ï¼ä¸å»ºè­°è¿½å¹ã,True,68,58,148,72.11,73.0,75.9,77.13,71.03,70.93,2.7,2.84,76.94,78.91,2.0
5483,中美晶,上櫃,半導體業,5483.TWO,半導體,False,2026-09-24,188.5,188.4,183.6,182.15,191.49,170.2,140.97,54.07,8.14,202.0,170.0,170.0,150.5,3.57,-5.21,1.26,3.49,6.68,19,10,15,2,-0.89,-7.34,"['è\x82¡å\x83¹ç«\x99ä¸\x8a20æ\x97¥å\x9d\x87ç·\x9a', 'MA5 > MA10 > MA20ï¼\x8cå¤\x9aé\xa0\xadæ\x8e\x92å\x88\x97', 'ä¸\xadç\x9f\xadæ\x9c\x9fè¶¨å\x8b¢ç¶\xadæ\x8c\x81å\x81\x8få¤\x9a']",['è·\x9dçª\x81ç\xa0´ä½\x8dç½®å°\x9aå\x8f¯'],['é\x87\x8fè\x83½é\x96\x8bå§\x8bæ\x93´å¼µ'],[],14,半導體,60,70,55,æ«ä¸èæ®,æçºè§å¯,ä¸­é·æä¸è¬,ç­æåç·åå¤é ­æå | æäº¤ééå§æ´å¼µ | 半導體æç¾¤ç¸å°å¼·å¢,ä»éè§å¯éæ¥éç¤èæäº¤éç¢ºèª,ææ¥è¥çªç ´ 202.00 ä¸éè½åæ­¥æ¾å¤§ï¼å¯è¦çºé²å ´è§¸ç¼ï¼è¥ç´æ¥è·³ç©ºé«æ¼ 208.06ï¼ä¸å»ºè­°è¿½å¹ã,True,32,43,81,181.99,186.35,202.0,208.06,179.26,185.75,3.81,1.46,200.55,207.64,2.0
6121,新普,上櫃,電腦及週邊設備業,6121.TWO,Power / BBU,False,2026-09-24,376.0,374.9,375.75,384.88,389.68,382.06,359.74,43.04,7.0,413.5,370.0,370.0,340.0,-8.07,-7.23,0.33,-2.31,9.07,5,0,0,0,-12.53,-9.37,['ä¸\xadç\x9f\xadæ\x9c\x9fè¶¨å\x8b¢ç¶\xadæ\x8c\x81å\x81\x8få¤\x9a'],[],[],[],1,Power / BBU,6,0,35,æ«ä¸èæ®,å°æªæç,ä¸­é·æä¸è¬,Power / BBUæç¾¤ç¸å°å¼·å¢,ç®åéè½ä»ä¸è¶³ | è·é¢çªç ´ä½ç½®ä»è¼é ,ææ¥è¥çªç ´ 413.50 ä¸éè½åæ­¥æ¾å¤§ï¼å¯è¦çºé²å ´è§¸ç¼ï¼è¥ç´æ¥è·³ç©ºé«æ¼ 418.75ï¼ä¸å»ºè­°è¿½å¹ã,False,154,138,118,368.48,376.0,413.5,418.75,362.95,355.0,3.47,5.59,402.09,415.14,2.0
6127,九豪,上櫃,電子零組件業,6127.TWO,被動元件,False,2026-09-24,47.8,48.33,48.01,48.64,53.99,57.83,45.51,44.58,2.1,54.3,45.4,45.4,41.1,-6.09,-47.24,0.48,-1.73,11.97,5,0,0,0,-10.55,-49.38,['ä¸\xadç\x9f\xadæ\x9c\x9fè¶¨å\x8b¢ç¶\xadæ\x8c\x81å\x81\x8få¤\x9a'],[],[],[],10,被動元件,15,10,25,æ«ä¸èæ®,å°æªæç,ä¸­é·æä¸è¬,被動元件æç¾¤ç¸å°å¼·å¢,ç®åéè½ä»ä¸è¶³ | è·é¢çªç ´ä½ç½®ä»è¼é ,ææ¥è¥çªç ´ 54.30 ä¸éè½åæ­¥æ¾å¤§ï¼å¯è¦çºé²å ´è§¸ç¼ï¼è¥ç´æ¥è·³ç©ºé«æ¼ 55.88ï¼ä¸å»ºè­°è¿½å¹ã,False,132,111,139,46.84,47.8,54.3,55.88,45.17,41.5,5.5,13.18,53.05,55.68,2.0
6147,頎邦,上櫃,半導體業,6147.TWO,"半導體,先進封裝",False,2026-09-24,213.5,220.0,208.7,197.43,179.19,188.94,122.74,59.93,13.64,233.0,171.0,171.0,113.5,13.87,0.95,0.33,8.14,8.37,25,0,0,7,9.41,-1.19,"['è\x82¡å\x83¹ç«\x99ä¸\x8a20æ\x97¥å\x9d\x87ç·\x9a', 'MA5 > MA10 > MA20ï¼\x8cå¤\x9aé\xa0\xadæ\x8e\x92å\x88\x97', 'MA20ä½\x8dæ\x96¼MA60ä¹\x8bä¸\x8a', 'ä¸\xadç\x9f\xadæ\x9c\x9fè¶¨å\x8b¢ç¶\xadæ\x8c\x81å\x81\x8få¤\x9a']",[],[],['è¿\x9120æ\x97¥è¡¨ç\x8f¾å\x84ªæ\x96¼å¤§ç\x9b¤ 9.4%'],14,半導體,46,65,65,æ«ä¸èæ®,æçºè§å¯,ä¸­é·ææçºè¿½è¹¤,ç­æåç·åå¤é ­æå | ä¸­æè¶¨å¢ç¶­æåä¸ | è¿20æ¥ç¸å°å¤§ç¤å¼· 9.4% | 半導體æç¾¤ç¸å°å¼·å¢,ç®åéè½ä»ä¸è¶³ | è·é¢çªç ´ä½ç½®ä»è¼é ,ææ¥è¥çªç ´ 233.00 ä¸éè½åæ­¥æ¾å¤§ï¼å¯è¦çºé²å ´è§¸ç¼ï¼è¥ç´æ¥è·³ç©ºé«æ¼ 239.99ï¼ä¸å»ºè­°è¿½å¹ã,False,63,50,69,206.61,211.83,233.0,239.99,194.47,173.81,8.2,18.59,246.55,263.92,2.0
6166,凌華,上市,電腦及週邊設備業,6166.TW,工業電腦 / Edge AI,False,2026-09-24,132.0,125.1,117.9,116.97,126.78,117.84,89.39,63.65,5.36,135.0,107.5,107.5,107.5,12.82,-1.35,1.07,12.84,2.22,19,17,10,7,8.36,-3.49,"['è\x82¡å\x83¹ç«\x99ä¸\x8a20æ\x97¥å\x9d\x87ç·\x9a', 'MA5 > MA10 > MA20ï¼\x8cå¤\x9aé\xa0\xadæ\x8e\x92å\x88\x97', 'ä¸\xadç\x9f\xadæ\x9c\x9fè¶¨å\x8b¢ç¶\xadæ\x8c\x81å\x81\x8få¤\x9a']",['æ\x8e¥è¿\x9120æ\x97¥çª\x81ç\xa0´å\x8d\x80'],['æ\x88\x90äº¤é\x87\x8fé«\x98æ\x96¼20æ\x97¥å\x9d\x87é\x87\x8f'],['è¿\x9120æ\x97¥è¡¨ç\x8f¾å\x84ªæ\x96¼å¤§ç\x9b¤ 8.4%'],8,工業電腦 / Edge AI,49,83,45,éç±ï¼ä¸è¿½å¹,æºåé²å ´,ä¸­é·æä¸è¬,ç­æåç·åå¤é ­æå | æ­£å¨æ¥è¿20æ¥å£åå | è¿20æ¥ç¸å°å¤§ç¤å¼· 8.4% | 工業電腦 / Edge AIæç¾¤ç¸å°å¼·å¢,è¡å¹èMA20ä¹é¢éå¤§,ææ¥è¥çªç ´ 135.00 ä¸éè½åæ­¥æ¾å¤§ï¼å¯è¦çºé²å ´è§¸ç¼ï¼è¥ç´æ¥è·³ç©ºé«æ¼ 139.02ï¼ä¸å»ºè­°è¿½å¹ã,True,54,29,95,129.36,132.0,135.0,139.02,121.32,122.98,8.09,6.84,153.36,164.04,2.0
6173,信昌電,上櫃,電子零組件業,6173.TWO,被動元件,False,2026-09-24,306.5,306.8,303.05,283.12,231.38,205.71,134.92,63.55,22.79,331.0,265.5,196.0,132.5,40.92,-3.28,0.56,8.26,7.4,25,0,0,9,36.46,-5.42,"['è\x82¡å\x83¹ç«\x99ä¸\x8a20æ\x97¥å\x9d\x87ç·\x9a', 'MA5 > MA10 > MA20ï¼\x8cå¤\x9aé\xa0\xadæ\x8e\x92å\x88\x97', 'MA20ä½\x8dæ\x96¼MA60ä¹\x8bä¸\x8a', 'ä¸\xadç\x9f\xadæ\x9c\x9fè¶¨å\x8b¢ç¶\xadæ\x8c\x81å\x81\x8få¤\x9a']",[],[],['è¿\x9120æ\x97¥è¡¨ç\x8f¾å\x84ªæ\x96¼å¤§ç\x9b¤ 36.5%'],10,被動元件,44,65,75,æ«ä¸èæ®,æçºè§å¯,ä¸­é·ææçºè¿½è¹¤,ç­æåç·åå¤é ­æå | ä¸­æè¶¨å¢ç¶­æåä¸ | è¿20æ¥ç¸å°å¤§ç¤å¼· 36.5% | 被動元件æç¾¤ç¸å°å¼·å¢,ç®åéè½ä»ä¸è¶³ | è·é¢çªç ´ä½ç½®ä»è¼é ,ææ¥è¥çªç ´ 331.00 ä¸éè½åæ­¥æ¾å¤§ï¼å¯è¦çºé²å ´è§¸ç¼ï¼è¥ç´æ¥è·³ç©ºé«æ¼ 340.93ï¼ä¸å»ºè­°è¿½å¹ã,False,66,47,56,300.02,306.5,331.0,340.93,278.87,238.13,9.01,22.31,361.75,389.38,2.0
6176,瑞儀,上市,光電業,6176.TW,Apple,False,2026-09-24,91.8,93.34,92.68,91.97,104.37,113.85,132.08,39.82,2.23,97.6,87.9,87.9,87.9,-3.87,-19.46,0.51,-0.19,5.94,13,10,0,0,-8.33,-21.6,"['MA5 > MA10 > MA20ï¼\x8cå¤\x9aé\xa0\xadæ\x8e\x92å\x88\x97', 'ä¸\xadç\x9f\xadæ\x9c\x9fè¶¨å\x8b¢ç¶\xadæ\x8c\x81å\x81\x8få¤\x9a']",['è·\x9dçª\x81ç\xa0´ä½\x8dç½®å°\x9aå\x8f¯'],[],[],4,Apple,27,30,0,æ«ä¸èæ®,å°æªæç,ä¸­é·æä¸è¬,ç­æåç·åå¤é ­æå | Appleæç¾¤ç¸å°å¼·å¢,ç®åéè½ä»ä¸è¶³,ææ¥è¥çªç ´ 97.60 ä¸éè½åæ­¥æ¾å¤§ï¼å¯è¦çºé²å ´è§¸ç¼ï¼è¥ç´æ¥è·³ç©ºé«æ¼ 99.27ï¼ä¸å»ºè­°è¿½å¹ã,False,95,83,151,91.75,91.8,97.6,99.27,90.38,87.02,1.55,5.21,94.65,96.07,2.0
6182,合晶,上櫃,半導體業,6182.TWO,半導體,False,2026-09-24,120.5,117.2,112.2,110.95,119.95,96.3,64.45,58.22,6.79,125.0,100.0,100.0,82.1,10.55,-18.86,1.75,8.61,3.6,19,17,18,7,6.09,-20.99,"['è\x82¡å\x83¹ç«\x99ä¸\x8a20æ\x97¥å\x9d\x87ç·\x9a', 'MA5 > MA10 > MA20ï¼\x8cå¤\x9aé\xa0\xadæ\x8e\x92å\x88\x97', 'ä¸\xadç\x9f\xadæ\x9c\x9fè¶¨å\x8b¢ç¶\xadæ\x8c\x81å\x81\x8få¤\x9a']",['æ\x8e¥è¿\x9120æ\x97¥çª\x81ç\xa0´å\x8d\x80'],['æ\x88\x90äº¤é\x87\x8fæ\x98\x8eé¡¯æ\x94¾å¤§'],['è¿\x9120æ\x97¥è¡¨ç\x8f¾å\x84ªæ\x96¼å¤§ç\x9b¤ 6.1%'],14,半導體,75,83,55,ç­å¾ææ¥ç¢ºèª,æºåé²å ´,ä¸­é·æä¸è¬,ç­æåç·åå¤é ­æå | æ­£å¨æ¥è¿20æ¥å£åå | æäº¤éæ¾å¤§è³20æ¥åé 1.75 å | è¿20æ¥ç¸å°å¤§ç¤å¼· 6.1% | 半導體æç¾¤ç¸å°å¼·å¢,ä»éè§å¯éæ¥éç¤èæäº¤éç¢ºèª,ææ¥è¥çªç ´ 125.00 ä¸éè½åæ­¥æ¾å¤§ï¼å¯è¦çºé²å ´è§¸ç¼ï¼è¥ç´æ¥è·³ç©ºé«æ¼ 128.75ï¼ä¸å»ºè­°è¿½å¹ã,True,5,30,90,118.09,120.5,125.0,128.75,109.29,116.35,9.31,3.44,142.93,154.14,2.0
6187,萬潤,上櫃,半導體業,6187.TWO,"先進封裝,半導體設備",False,2026-09-24,1195.0,1220.0,1222.0,1280.75,1152.3,1133.43,786.54,44.79,63.21,1455.0,1180.0,1180.0,815.63,-16.43,20.42,0.48,-6.7,17.87,11,0,0,6,-20.89,18.28,"['MA20ä½\x8dæ\x96¼MA60ä¹\x8bä¸\x8a', 'ä¸\xadç\x9f\xadæ\x9c\x9fè¶¨å\x8b¢ç¶\xadæ\x8c\x81å\x81\x8få¤\x9a']",[],[],[],10,先進封裝,27,10,90,æ«ä¸èæ®,å°æªæç,ä¸­é·æè¶¨å¢å¼·,ä¸­æè¶¨å¢ç¶­æåä¸ | 先進封裝æç¾¤ç¸å°å¼·å¢,ç®åéè½ä»ä¸è¶³ | è·é¢çªç ´ä½ç½®ä»è¼é ,ææ¥è¥çªç ´ 1455.00 ä¸éè½åæ­¥æ¾å¤§ï¼å¯è¦çºé²å ´è§¸ç¼ï¼è¥ç´æ¥è·³ç©ºé«æ¼ 1498.65ï¼ä¸å»ºè­°è¿½å¹ã,False,96,121,21,1171.1,1195.0,1455.0,1498.65,1076.28,1117.73,9.93,6.47,1432.43,1551.15,2.0
6191,精成科,上市,電子零組件業,6191.TW,PCB / CCL / ABF,False,2026-09-24,82.3,83.16,82.6,82.78,86.78,92.0,99.97,45.88,1.68,85.8,80.5,80.5,76.9,-0.96,-23.29,0.66,-0.59,4.08,5,10,0,0,-5.42,-25.43,['ä¸\xadç\x9f\xadæ\x9c\x9fè¶¨å\x8b¢ç¶\xadæ\x8c\x81å\x81\x8få¤\x9a'],['è·\x9dçª\x81ç\xa0´ä½\x8dç½®å°\x9aå\x8f¯'],[],[],7,PCB / CCL / ABF,22,10,0,æ«ä¸èæ®,å°æªæç,ä¸­é·æä¸è¬,æ­£å¨æ¥è¿20æ¥å£åå | PCB / CCL / ABFæç¾¤ç¸å°å¼·å¢,ç®åéè½ä»ä¸è¶³,ææ¥è¥çªç ´ 85.80 ä¸éè½åæ­¥æ¾å¤§ï¼å¯è¦çºé²å ´è§¸ç¼ï¼è¥ç´æ¥è·³ç©ºé«æ¼ 87.06ï¼ä¸å»ºè­°è¿½å¹ã,False,114,96,154,81.95,82.3,85.8,87.06,80.72,77.26,1.92,6.12,85.45,87.03,2.0
6196,帆宣,上市,其他電子業,6196.TW,半導體設備,False,2026-09-24,565.0,544.8,531.0,519.42,517.86,482.18,371.0,65.57,20.79,558.0,505.0,476.5,427.0,13.57,-3.91,0.95,8.77,-1.25,25,25,5,7,9.11,-6.05,"['è\x82¡å\x83¹ç«\x99ä¸\x8a20æ\x97¥å\x9d\x87ç·\x9a', 'MA5 > MA10 > MA20ï¼\x8cå¤\x9aé\xa0\xadæ\x8e\x92å\x88\x97', 'MA20ä½\x8dæ\x96¼MA60ä¹\x8bä¸\x8a', 'ä¸\xadç\x9f\xadæ\x9c\x9fè¶¨å\x8b¢ç¶\xadæ\x8c\x81å\x81\x8få¤\x9a']",['å·²çª\x81ç\xa0´20æ\x97¥é«\x98é»\x9e'],[],['è¿\x9120æ\x97¥è¡¨ç\x8f¾å\x84ªæ\x96¼å¤§ç\x9b¤ 9.1%'],5,半導體設備,67,87,65,æ«ä¸èæ®,æºåé²å ´,ä¸­é·ææçºè¿½è¹¤,ç­æåç·åå¤é ­æå | ä¸­æè¶¨å¢ç¶­æåä¸ | å·²éå¸¸æ¥è¿20æ¥çªç ´ä½ç½® | è¿20æ¥ç¸å°å¤§ç¤å¼· 9.1% | 半導體設備æç¾¤ç¸å°å¼·å¢,ä»éè§å¯éæ¥éç¤èæäº¤éç¢ºèª,ææ¥è¥çªç ´ 558.00 ä¸éè½åæ­¥æ¾å¤§ï¼å¯è¦çºé²å ´è§¸ç¼ï¼è¥ç´æ¥è·³ç©ºé«æ¼ 573.59ï¼ä¸å»ºè­°è¿½å¹ã,True,17,20,70,553.7,565.0,558.0,573.59,522.52,502.63,7.52,11.04,649.97,692.45,2.0
6197,佳必琪,上市,電子零組件業,6197.TW,連接器 / 高速線材,False,2026-09-24,320.0,319.3,308.5,307.68,311.7,284.77,217.0,57.6,8.79,333.5,292.0,292.0,260.0,3.9,-11.97,0.55,4.01,4.05,19,10,0,2,-0.56,-14.11,"['è\x82¡å\x83¹ç«\x99ä¸\x8a20æ\x97¥å\x9d\x87ç·\x9a', 'MA5 > MA10 > MA20ï¼\x8cå¤\x9aé\xa0\xadæ\x8e\x92å\x88\x97', 'ä¸\xadç\x9f\xadæ\x9c\x9fè¶¨å\x8b¢ç¶\xadæ\x8c\x81å\x81\x8få¤\x9a']",['è·\x9dçª\x81ç\xa0´ä½\x8dç½®å°\x9aå\x8f¯'],[],[],13,連接器 / 高速線材,44,60,55,æ«ä¸èæ®,å°æªæç,ä¸­é·æä¸è¬,ç­æåç·åå¤é ­æå | æ­£å¨æ¥è¿20æ¥å£åå | 連接器 / 高速線材æç¾¤ç¸å°å¼·å¢,ç®åéè½ä»ä¸è¶³,ææ¥è¥çªç ´ 333.50 ä¸éè½åæ­¥æ¾å¤§ï¼å¯è¦çºé²å ´è§¸ç¼ï¼è¥ç´æ¥è·³ç©ºé«æ¼ 340.09ï¼ä¸å»ºè­°è¿½å¹ã,True,67,54,87,312.97,313.13,333.5,340.09,303.06,302.35,3.21,5.52,333.25,343.32,2.0
6202,盛群,上市,半導體業,6202.TW,IC Design,False,2026-09-24,58.2,57.66,56.07,57.05,58.81,58.11,50.68,53.23,1.59,61.2,53.5,53.5,43.48,-1.69,-15.84,0.84,2.02,4.9,11,10,5,0,-6.15,-17.98,"['è\x82¡å\x83¹ç«\x99ä¸\x8a20æ\x97¥å\x9d\x87ç·\x9a', 'ä¸\xadç\x9f\xadæ\x9c\x9fè¶¨å\x8b¢ç¶\xadæ\x8c\x81å\x81\x8få¤\x9a']",['è·\x9dçª\x81ç\xa0´ä½\x8dç½®å°\x9aå\x8f¯'],[],[],12,IC Design,38,50,55,æ«ä¸èæ®,å°æªæç,ä¸­é·æä¸è¬,æ­£å¨æ¥è¿20æ¥å£åå | IC Designæç¾¤ç¸å°å¼·å¢,ä»éè§å¯éæ¥éç¤èæäº¤éç¢ºèª,ææ¥è¥çªç ´ 61.20 ä¸éè½åæ­¥æ¾å¤§ï¼å¯è¦çºé²å ´è§¸ç¼ï¼è¥ç´æ¥è·³ç©ºé«æ¼ 62.39ï¼ä¸å»ºè­°è¿½å¹ã,True,75,70,89,56.93,57.91,61.2,62.39,56.07,57.05,3.16,1.98,61.57,63.4,2.0
6213,聯茂,上市,電子零組件業,6213.TW,PCB / CCL / ABF,False,2026-09-24,595.0,545.2,531.4,531.2,438.44,354.47,235.82,66.67,34.71,599.0,482.0,482.0,237.0,5.68,65.97,1.0,12.01,0.67,25,23,5,11,1.23,63.83,"['è\x82¡å\x83¹ç«\x99ä¸\x8a20æ\x97¥å\x9d\x87ç·\x9a', 'MA5 > MA10 > MA20ï¼\x8cå¤\x9aé\xa0\xadæ\x8e\x92å\x88\x97', 'MA20ä½\x8dæ\x96¼MA60ä¹\x8bä¸\x8a', 'ä¸\xadç\x9f\xadæ\x9c\x9fè¶¨å\x8b¢ç¶\xadæ\x8c\x81å\x81\x8få¤\x9a']",['è·\x9d20æ\x97¥çª\x81ç\xa0´å\x83¹ä¸\x8då\x88°1%'],[],['è¿\x9120æ\x97¥è¡¨ç\x8f¾å\x84ªæ\x96¼å¤§ç\x9b¤ 1.2%'],7,PCB / CCL / ABF,59,90,90,éç±ï¼ä¸è¿½å¹,æºåé²å ´,ä¸­é·æè¶¨å¢å¼·,ç­æåç·åå¤é ­æå | ä¸­æè¶¨å¢ç¶­æåä¸ | å·²éå¸¸æ¥è¿20æ¥çªç ´ä½ç½® | è¿20æ¥ç¸å°å¤§ç¤å¼· 1.2% | PCB / CCL / ABFæç¾¤ç¸å°å¼·å¢,è¡å¹èMA20ä¹é¢éå¤§,ææ¥è¥çªç ´ 599.00 ä¸éè½åæ­¥æ¾å¤§ï¼å¯è¦çºé²å ´è§¸ç¼ï¼è¥ç´æ¥è·³ç©ºé«æ¼ 616.97ï¼ä¸å»ºè­°è¿½å¹ã,True,35,16,18,583.1,595.0,599.0,616.97,531.04,490.87,10.75,17.5,722.93,786.89,2.0
6223,旺矽,上櫃,半導體業,6223.TWO,"先進封裝,半導體設備,測試介面",False,2026-09-24,5415.0,5535.0,5543.0,5450.5,5790.22,5709.16,4077.73,47.33,375.0,6060.0,5090.0,4730.0,4650.0,6.39,-25.11,0.49,-0.65,10.64,5,0,0,5,1.93,-27.25,['ä¸\xadç\x9f\xadæ\x9c\x9fè¶¨å\x8b¢ç¶\xadæ\x8c\x81å\x81\x8få¤\x9a'],[],[],['è¿\x9120æ\x97¥è¡¨ç\x8f¾å\x84ªæ\x96¼å¤§ç\x9b¤ 1.9%'],12,測試介面,22,25,45,æ«ä¸èæ®,å°æªæç,ä¸­é·æä¸è¬,è¿20æ¥ç¸å°å¤§ç¤å¼· 1.9% | 測試介面æç¾¤ç¸å°å¼·å¢,ç®åéè½ä»ä¸è¶³ | è·é¢çªç ´ä½ç½®ä»è¼é ,ææ¥è¥çªç ´ 6060.00 ä¸éè½åæ­¥æ¾å¤§ï¼å¯è¦çºé²å ´è§¸ç¼ï¼è¥ç´æ¥è·³ç©ºé«æ¼ 6241.80ï¼ä¸å»ºè­°è¿½å¹ã,False,115,89,106,5306.7,5415.0,6060.0,6241.8,5064.55,4603.5,6.47,14.99,6115.9,6466.35,2.0
6239,力成,上市,半導體業,6239.TW,"半導體,先進封裝",False,2026-09-24,287.0,288.4,280.35,280.05,279.25,275.53,232.31,55.23,11.21,302.0,262.0,262.0,210.0,3.61,-12.25,0.4,2.48,4.97,25,10,0,2,-0.85,-14.39,"['è\x82¡å\x83¹ç«\x99ä¸\x8a20æ\x97¥å\x9d\x87ç·\x9a', 'MA5 > MA10 > MA20ï¼\x8cå¤\x9aé\xa0\xadæ\x8e\x92å\x88\x97', 'MA20ä½\x8dæ\x96¼MA60ä¹\x8bä¸\x8a', 'ä¸\xadç\x9f\xadæ\x9c\x9fè¶¨å\x8b¢ç¶\xadæ\x8c\x81å\x81\x8få¤\x9a']",['è·\x9dçª\x81ç\xa0´ä½\x8dç½®å°\x9aå\x8f¯'],[],[],14,半導體,51,60,75,æ«ä¸èæ®,å°æªæç,ä¸­é·ææçºè¿½è¹¤,ç­æåç·åå¤é ­æå | ä¸­æè¶¨å¢ç¶­æåä¸ | æ­£å¨æ¥è¿20æ¥å£åå | 半導體æç¾¤ç¸å°å¼·å¢,ç®åéè½ä»ä¸è¶³,ææ¥è¥çªç ´ 302.00 ä¸éè½åæ­¥æ¾å¤§ï¼å¯è¦çºé²å ´è§¸ç¼ï¼è¥ç´æ¥è·³ç©ºé«æ¼ 310.41ï¼ä¸å»ºè­°è¿½å¹ã,False,51,55,60,278.03,284.56,302.0,310.41,273.86,270.87,3.76,5.62,305.94,316.64,2.0
6269,台郡,上市,電子零組件業,6269.TW,Apple,False,2026-09-24,64.8,64.56,64.56,67.23,62.9,64.85,61.86,48.53,2.75,82.3,63.0,63.0,46.0,-11.11,-1.37,0.27,-3.61,21.26,11,0,0,0,-15.57,-3.51,"['MA20ä½\x8dæ\x96¼MA60ä¹\x8bä¸\x8a', 'ä¸\xadç\x9f\xadæ\x9c\x9fè¶¨å\x8b¢ç¶\xadæ\x8c\x81å\x81\x8få¤\x9a']",[],[],[],4,Apple,15,0,35,æ«ä¸èæ®,å°æªæç,ä¸­é·æä¸è¬,ä¸­æè¶¨å¢ç¶­æåä¸ | Appleæç¾¤ç¸å°å¼·å¢,ç®åéè½ä»ä¸è¶³ | è·é¢çªç ´ä½ç½®ä»è¼é ,ææ¥è¥çªç ´ 82.30 ä¸éè½åæ­¥æ¾å¤§ï¼å¯è¦çºé²å ´è§¸ç¼ï¼è¥ç´æ¥è·³ç©ºé«æ¼ 84.36ï¼ä¸å»ºè­°è¿½å¹ã,False,138,148,112,63.91,64.8,82.3,84.36,62.69,61.01,3.26,5.84,69.03,71.14,2.0
6274,台燿,上櫃,電子零組件業,6274.TWO,"PCB / CCL / ABF,AI,科技",False,2026-09-24,1495.0,1440.0,1408.0,1401.5,1417.5,1388.22,920.15,56.42,92.14,1565.0,1275.0,1275.0,938.0,3.46,-11.54,1.36,6.67,4.47,19,10,15,2,-1.0,-13.68,"['è\x82¡å\x83¹ç«\x99ä¸\x8a20æ\x97¥å\x9d\x87ç·\x9a', 'MA5 > MA10 > MA20ï¼\x8cå¤\x9aé\xa0\xadæ\x8e\x92å\x88\x97', 'ä¸\xadç\x9f\xadæ\x9c\x9fè¶¨å\x8b¢ç¶\xadæ\x8c\x81å\x81\x8få¤\x9a']",['è·\x9dçª\x81ç\xa0´ä½\x8dç½®å°\x9aå\x8f¯'],['é\x87\x8fè\x83½é\x96\x8bå§\x8bæ\x93´å¼µ'],[],9,AI,55,60,45,æ«ä¸èæ®,å°æªæç,ä¸­é·æä¸è¬,ç­æåç·åå¤é ­æå | æ­£å¨æ¥è¿20æ¥å£åå | æäº¤ééå§æ´å¼µ | AIæç¾¤ç¸å°å¼·å¢,ä»éè§å¯éæ¥éç¤èæäº¤éç¢ºèª,ææ¥è¥çªç ´ 1565.00 ä¸éè½åæ­¥æ¾å¤§ï¼å¯è¦çºé²å ´è§¸ç¼ï¼è¥ç´æ¥è·³ç©ºé«æ¼ 1611.95ï¼ä¸å»ºè­°è¿½å¹ã,True,39,56,101,1421.29,1429.12,1565.0,1611.95,1380.48,1374.97,3.4,8.03,1526.4,1575.05,2.0
6284,佳邦,上櫃,電子零組件業,6284.TWO,高速網通,False,2026-09-24,74.3,75.24,75.32,76.95,80.32,86.31,82.95,42.65,2.14,82.6,74.4,74.4,64.9,-4.5,-28.89,0.4,-3.44,10.05,5,0,0,0,-8.96,-31.03,['ä¸\xadç\x9f\xadæ\x9c\x9fè¶¨å\x8b¢ç¶\xadæ\x8c\x81å\x81\x8få¤\x9a'],[],[],[],3,高速網通,8,0,15,æ«ä¸èæ®,å°æªæç,ä¸­é·æä¸è¬,高速網通æç¾¤ç¸å°å¼·å¢,ç®åéè½ä»ä¸è¶³ | è·é¢çªç ´ä½ç½®ä»è¼é ,ææ¥è¥çªç ´ 82.60 ä¸éè½åæ­¥æ¾å¤§ï¼å¯è¦çºé²å ´è§¸ç¼ï¼è¥ç´æ¥è·³ç©ºé«æ¼ 84.20ï¼ä¸å»ºè­°è¿½å¹ã,False,149,130,145,72.81,74.3,82.6,84.2,69.6,67.88,6.32,8.64,83.69,88.39,2.0
6285,啟碁,上市,通信網路業,6285.TW,"高速網通,低軌衛星,科技",False,2026-09-24,238.0,232.6,227.5,233.68,240.93,249.07,189.94,53.04,7.57,255.0,216.0,216.0,199.5,-2.86,-7.75,1.47,1.85,6.67,11,10,15,0,-7.31,-9.89,"['è\x82¡å\x83¹ç«\x99ä¸\x8a20æ\x97¥å\x9d\x87ç·\x9a', 'ä¸\xadç\x9f\xadæ\x9c\x9fè¶¨å\x8b¢ç¶\xadæ\x8c\x81å\x81\x8få¤\x9a']",['è·\x9dçª\x81ç\xa0´ä½\x8dç½®å°\x9aå\x8f¯'],['é\x87\x8fè\x83½é\x96\x8bå§\x8bæ\x93´å¼µ'],[],9,科技,45,40,25,æ«ä¸èæ®,å°æªæç,ä¸­é·æä¸è¬,æäº¤ééå§æ´å¼µ | 科技æç¾¤ç¸å°å¼·å¢,ä»éè§å¯éæ¥éç¤èæäº¤éç¢ºèª,ææ¥è¥çªç ´ 255.00 ä¸éè½åæ­¥æ¾å¤§ï¼å¯è¦çºé²å ´è§¸ç¼ï¼è¥ç´æ¥è·³ç©ºé«æ¼ 260.68ï¼ä¸å»ºè­°è¿½å¹ã,True,64,77,133,231.94,237.19,255.0,260.68,228.46,233.7,3.68,1.81,254.63,263.35,2.0
6290,良維,上櫃,電子零組件業,6290.TWO,連接器 / 高速線材,False,2026-09-24,274.0,277.5,268.9,265.3,246.73,265.02,221.11,58.58,14.25,291.5,252.0,239.0,186.5,9.38,-9.95,0.5,3.28,6.0,25,10,0,5,4.92,-12.09,"['è\x82¡å\x83¹ç«\x99ä¸\x8a20æ\x97¥å\x9d\x87ç·\x9a', 'MA5 > MA10 > MA20ï¼\x8cå¤\x9aé\xa0\xadæ\x8e\x92å\x88\x97', 'MA20ä½\x8dæ\x96¼MA60ä¹\x8bä¸\x8a', 'ä¸\xadç\x9f\xadæ\x9c\x9fè¶¨å\x8b¢ç¶\xadæ\x8c\x81å\x81\x8få¤\x9a']",['è·\x9dçª\x81ç\xa0´ä½\x8dç½®å°\x9aå\x8f¯'],[],['è¿\x9120æ\x97¥è¡¨ç\x8f¾å\x84ªæ\x96¼å¤§ç\x9b¤ 4.9%'],13,連接器 / 高速線材,53,75,55,æ«ä¸èæ®,æçºè§å¯,ä¸­é·æä¸è¬,ç­æåç·åå¤é ­æå | ä¸­æè¶¨å¢ç¶­æåä¸ | è¿20æ¥ç¸å°å¤§ç¤å¼· 4.9% | 連接器 / 高速線材æç¾¤ç¸å°å¼·å¢,ç®åéè½ä»ä¸è¶³,ææ¥è¥çªç ´ 291.50 ä¸éè½åæ­¥æ¾å¤§ï¼å¯è¦çºé²å ´è§¸ç¼ï¼è¥ç´æ¥è·³ç©ºé«æ¼ 300.25ï¼ä¸å»ºè­°è¿½å¹ã,False,47,39,86,266.21,272.93,291.5,300.25,261.32,239.33,4.25,12.65,296.16,307.77,2.0
6409,旭隼,上市,其他電子業,6409.TW,Power / BBU,False,2026-09-24,879.0,890.4,881.4,929.4,985.15,884.83,914.13,38.24,32.43,1070.0,846.0,846.0,846.0,-15.89,-22.99,0.66,-5.42,17.85,5,0,0,0,-20.34,-25.12,['ä¸\xadç\x9f\xadæ\x9c\x9fè¶¨å\x8b¢ç¶\xadæ\x8c\x81å\x81\x8få¤\x9a'],[],[],[],1,Power / BBU,6,0,20,æ«ä¸èæ®,å°æªæç,ä¸­é·æä¸è¬,Power / BBUæç¾¤ç¸å°å¼·å¢,ç®åéè½ä»ä¸è¶³ | è·é¢çªç ´ä½ç½®ä»è¼é ,ææ¥è¥çªç ´ 1070.00 ä¸éè½åæ­¥æ¾å¤§ï¼å¯è¦çºé²å ´è§¸ç¼ï¼è¥ç´æ¥è·³ç©ºé«æ¼ 1094.32ï¼ä¸å»ºè­°è¿½å¹ã,False,150,153,140,872.59,879.0,1070.0,1094.32,841.77,837.54,4.24,4.72,953.46,990.69,2.0
6412,群電,上市,電子零組件業,6412.TW,Power / BBU,False,2026-09-24,74.6,74.26,74.04,75.58,79.48,83.51,84.31,37.83,1.13,80.4,72.6,72.6,72.6,-4.97,-23.09,0.59,-1.3,7.21,5,0,0,0,-9.43,-25.23,['ä¸\xadç\x9f\xadæ\x9c\x9fè¶¨å\x8b¢ç¶\xadæ\x8c\x81å\x81\x8få¤\x9a'],[],[],[],1,Power / BBU,6,0,0,æ«ä¸èæ®,å°æªæç,ä¸­é·æä¸è¬,Power / BBUæç¾¤ç¸å°å¼·å¢,ç®åéè½ä»ä¸è¶³ | è·é¢çªç ´ä½ç½®ä»è¼é ,ææ¥è¥çªç ´ 80.40 ä¸éè½åæ­¥æ¾å¤§ï¼å¯è¦çºé²å ´è§¸ç¼ï¼è¥ç´æ¥è·³ç©ºé«æ¼ 81.25ï¼ä¸å»ºè­°è¿½å¹ã,False,152,132,153,73.11,74.6,80.4,81.25,72.01,71.87,3.47,3.65,79.78,82.37,2.0
6414,樺漢,上市,電腦及週邊設備業,6414.TW,工業電腦 / Edge AI,False,2026-09-24,374.0,373.8,371.9,378.93,408.36,372.57,324.08,42.33,9.0,401.5,363.5,363.5,363.5,-4.96,0.13,0.61,-1.3,6.85,5,10,0,0,-9.41,-2.0,['ä¸\xadç\x9f\xadæ\x9c\x9fè¶¨å\x8b¢ç¶\xadæ\x8c\x81å\x81\x8få¤\x9a'],['è·\x9dçª\x81ç\xa0´ä½\x8dç½®å°\x9aå\x8f¯'],[],[],8,工業電腦 / Edge AI,23,10,45,æ«ä¸èæ®,å°æªæç,ä¸­é·æä¸è¬,工業電腦 / Edge AIæç¾¤ç¸å°å¼·å¢,ç®åéè½ä»ä¸è¶³,ææ¥è¥çªç ´ 401.50 ä¸éè½åæ­¥æ¾å¤§ï¼å¯è¦çºé²å ´è§¸ç¼ï¼è¥ç´æ¥è·³ç©ºé«æ¼ 408.25ï¼ä¸å»ºè­°è¿½å¹ã,False,110,107,94,366.52,374.0,401.5,408.25,361.02,359.87,3.47,3.78,399.96,412.93,2.0
6415,矽力*-KY,上市,半導體業,6415.TW,IC Design,False,2026-09-24,425.5,429.3,419.7,420.07,452.07,472.3,353.58,48.48,17.89,488.5,385.0,385.0,362.0,-9.56,-31.81,0.5,1.29,12.9,11,0,0,0,-14.02,-33.95,"['è\x82¡å\x83¹ç«\x99ä¸\x8a20æ\x97¥å\x9d\x87ç·\x9a', 'ä¸\xadç\x9f\xadæ\x9c\x9fè¶¨å\x8b¢ç¶\xadæ\x8c\x81å\x81\x8få¤\x9a']",[],[],[],12,IC Design,23,30,35,æ«ä¸èæ®,å°æªæç,ä¸­é·æä¸è¬,IC Designæç¾¤ç¸å°å¼·å¢,ç®åéè½ä»ä¸è¶³ | è·é¢çªç ´ä½ç½®ä»è¼é ,ææ¥è¥çªç ´ 488.50 ä¸éè½åæ­¥æ¾å¤§ï¼å¯è¦çºé²å ´è§¸ç¼ï¼è¥ç´æ¥è·³ç©ºé«æ¼ 501.92ï¼ä¸å»ºè­°è¿½å¹ã,False,111,86,131,415.87,425.5,488.5,501.92,409.63,371.83,3.73,12.61,457.24,473.11,2.0
6442,光聖,上市,通信網路業,6442.TW,"CPO / 矽光子,AI",False,2026-09-24,1530.0,1531.0,1551.0,1630.25,1489.72,1717.46,1545.49,46.41,95.0,1920.0,1490.0,1490.0,1000.0,-4.08,-5.61,0.33,-6.15,20.31,11,0,0,0,-8.53,-7.75,"['MA20ä½\x8dæ\x96¼MA60ä¹\x8bä¸\x8a', 'ä¸\xadç\x9f\xadæ\x9c\x9fè¶¨å\x8b¢ç¶\xadæ\x8c\x81å\x81\x8få¤\x9a']",[],[],[],9,AI,20,0,35,æ«ä¸èæ®,å°æªæç,ä¸­é·æä¸è¬,ä¸­æè¶¨å¢ç¶­æåä¸ | AIæç¾¤ç¸å°å¼·å¢,ç®åéè½ä»ä¸è¶³ | è·é¢çªç ´ä½ç½®ä»è¼é ,ææ¥è¥çªç ´ 1920.00 ä¸éè½åæ­¥æ¾å¤§ï¼å¯è¦çºé²å ´è§¸ç¼ï¼è¥ç´æ¥è·³ç©ºé«æ¼ 1977.60ï¼ä¸å»ºè­°è¿½å¹ã,False,120,129,116,1499.4,1530.0,1920.0,1977.6,1476.91,1445.03,3.47,5.55,1636.18,1689.27,2.0
6451,訊芯-KY,上市,半導體業,6451.TW,"CPO / 矽光子,AI",False,2026-09-24,412.0,426.1,419.15,434.52,437.6,480.53,329.03,45.16,22.89,505.0,393.5,393.5,308.5,-8.85,-21.03,0.24,-5.18,18.42,5,0,0,0,-13.31,-23.17,['ä¸\xadç\x9f\xadæ\x9c\x9fè¶¨å\x8b¢ç¶\xadæ\x8c\x81å\x81\x8få¤\x9a'],[],[],[],9,AI,14,0,15,æ«ä¸èæ®,å°æªæç,ä¸­é·æä¸è¬,AIæç¾¤ç¸å°å¼·å¢,ç®åéè½ä»ä¸è¶³ | è·é¢çªç ´ä½ç½®ä»è¼é ,ææ¥è¥çªç ´ 505.00 ä¸éè½åæ­¥æ¾å¤§ï¼å¯è¦çºé²å ´è§¸ç¼ï¼è¥ç´æ¥è·³ç©ºé«æ¼ 520.15ï¼ä¸å»ºè­°è¿½å¹ã,False,142,143,144,403.76,412.0,505.0,520.15,391.53,343.33,4.97,16.67,452.94,473.4,2.0
6456,GIS-KY,上市,光電業,6456.TW,Apple,False,2026-09-24,81.3,74.16,68.9,68.94,66.57,69.69,59.03,71.23,3.99,80.9,61.4,61.4,50.8,13.23,23.93,2.26,17.93,-0.49,17,25,20,13,8.77,21.79,"['è\x82¡å\x83¹ç«\x99ä¸\x8a20æ\x97¥å\x9d\x87ç·\x9a', 'MA20ä½\x8dæ\x96¼MA60ä¹\x8bä¸\x8a', 'ä¸\xadç\x9f\xadæ\x9c\x9fè¶¨å\x8b¢ç¶\xadæ\x8c\x81å\x81\x8få¤\x9a']",['å·²çª\x81ç\xa0´20æ\x97¥é«\x98é»\x9e'],['æ\x88\x90äº¤é\x87\x8fè¶\x85é\x81\x8e20æ\x97¥å\x9d\x87é\x87\x8f2å\x80\x8d'],['è¿\x9120æ\x97¥è¡¨ç\x8f¾å\x84ªæ\x96¼å¤§ç\x9b¤ 8.8%'],4,Apple,59,57,70,éç±ï¼ä¸è¿½å¹,å°æªæç,ä¸­é·ææçºè¿½è¹¤,ä¸­æè¶¨å¢ç¶­æåä¸ | å·²éå¸¸æ¥è¿20æ¥çªç ´ä½ç½® | æäº¤éæ¾å¤§è³20æ¥åé 2.26 å | è¿20æ¥ç¸å°å¤§ç¤å¼· 8.8% | Appleæç¾¤ç¸å°å¼·å¢,RSIåé«ï¼æ³¨æéæ¥è¿½å¹é¢¨éª | è¡å¹èMA20ä¹é¢éå¤§,ææ¥è¥çªç ´ 80.90 ä¸éè½åæ­¥æ¾å¤§ï¼å¯è¦çºé²å ´è§¸ç¼ï¼è¥ç´æ¥è·³ç©ºé«æ¼ 83.33ï¼ä¸å»ºè­°è¿½å¹ã,True,34,59,61,79.67,81.3,80.9,83.33,73.69,69.33,9.36,14.72,96.52,104.13,2.0
6488,環球晶,上櫃,半導體業,6488.TWO,半導體,False,2026-09-24,948.0,948.8,930.9,943.0,1033.47,903.34,671.89,49.43,50.07,1015.0,872.0,872.0,778.0,-1.04,-21.02,0.95,0.53,6.6,11,10,5,0,-5.5,-23.16,"['è\x82¡å\x83¹ç«\x99ä¸\x8a20æ\x97¥å\x9d\x87ç·\x9a', 'ä¸\xadç\x9f\xadæ\x9c\x9fè¶¨å\x8b¢ç¶\xadæ\x8c\x81å\x81\x8få¤\x9a']",['è·\x9dçª\x81ç\xa0´ä½\x8dç½®å°\x9aå\x8f¯'],[],[],14,半導體,40,50,55,æ«ä¸èæ®,å°æªæç,ä¸­é·æä¸è¬,半導體æç¾¤ç¸å°å¼·å¢,ä»éè§å¯éæ¥éç¤èæäº¤éç¢ºèª,ææ¥è¥çªç ´ 1015.00 ä¸éè½åæ­¥æ¾å¤§ï¼å¯è¦çºé²å ´è§¸ç¼ï¼è¥ç´æ¥è·³ç©ºé«æ¼ 1045.45ï¼ä¸å»ºè­°è¿½å¹ã,False,74,69,91,933.57,948.0,1015.0,1045.45,919.57,797.79,3.0,15.84,1004.87,1033.3,2.0
6510,精測,上櫃,半導體業,6510.TWO,測試介面,False,2026-09-24,3310.0,3498.0,3403.0,3359.25,2940.09,3224.46,2866.61,51.71,248.21,3935.0,3165.0,2590.0,2235.0,20.8,2.71,0.88,-1.47,15.88,19,0,5,12,16.35,0.57,"['MA5 > MA10 > MA20ï¼\x8cå¤\x9aé\xa0\xadæ\x8e\x92å\x88\x97', 'MA20ä½\x8dæ\x96¼MA60ä¹\x8bä¸\x8a', 'ä¸\xadç\x9f\xadæ\x9c\x9fè¶¨å\x8b¢ç¶\xadæ\x8c\x81å\x81\x8få¤\x9a']",[],[],['è¿\x9120æ\x97¥è¡¨ç\x8f¾å\x84ªæ\x96¼å¤§ç\x9b¤ 16.3%'],12,測試介面,48,55,70,æ«ä¸èæ®,å°æªæç,ä¸­é·ææçºè¿½è¹¤,ç­æåç·åå¤é ­æå | ä¸­æè¶¨å¢ç¶­æåä¸ | è¿20æ¥ç¸å°å¤§ç¤å¼· 16.4% | 測試介面æç¾¤ç¸å°å¼·å¢,è·é¢çªç ´ä½ç½®ä»è¼é ,ææ¥è¥çªç ´ 3935.00 ä¸éè½åæ­¥æ¾å¤§ï¼å¯è¦çºé²å ´è§¸ç¼ï¼è¥ç´æ¥è·³ç©ºé«æ¼ 4053.05ï¼ä¸å»ºè­°è¿½å¹ã,False,56,60,66,3243.8,3310.0,3935.0,4053.05,3149.18,2851.89,4.86,13.84,3631.65,3792.47,2.0
6515,穎崴,上市,半導體業,6515.TW,"先進封裝,半導體設備,測試介面",False,2026-09-24,5850.0,5968.0,6197.0,6585.75,6681.65,7977.45,5850.25,39.78,462.14,8260.0,5530.0,5530.0,5155.0,-4.18,-36.7,0.6,-11.17,29.18,5,0,0,0,-8.63,-38.84,['ä¸\xadç\x9f\xadæ\x9c\x9fè¶¨å\x8b¢ç¶\xadæ\x8c\x81å\x81\x8få¤\x9a'],[],[],[],12,測試介面,17,10,25,æ«ä¸èæ®,å°æªæç,ä¸­é·æä¸è¬,測試介面æç¾¤ç¸å°å¼·å¢,ç®åéè½ä»ä¸è¶³ | è·é¢çªç ´ä½ç½®ä»è¼é ,ææ¥è¥çªç ´ 8260.00 ä¸éè½åæ­¥æ¾å¤§ï¼å¯è¦çºé²å ´è§¸ç¼ï¼è¥ç´æ¥è·³ç©ºé«æ¼ 8507.80ï¼ä¸å»ºè­°è¿½å¹ã,False,127,104,136,5617.76,5759.62,8260.0,8507.8,5502.35,5103.45,4.47,12.76,6274.15,6531.42,2.0
6531,愛普*,上市,半導體業,6531.TW,IC Design,False,2026-09-24,993.0,966.0,953.9,950.95,888.18,897.53,661.19,56.26,58.29,1065.0,887.0,879.0,570.0,8.29,3.33,0.88,4.42,6.76,25,10,5,8,3.83,1.19,"['è\x82¡å\x83¹ç«\x99ä¸\x8a20æ\x97¥å\x9d\x87ç·\x9a', 'MA5 > MA10 > MA20ï¼\x8cå¤\x9aé\xa0\xadæ\x8e\x92å\x88\x97', 'MA20ä½\x8dæ\x96¼MA60ä¹\x8bä¸\x8a', 'ä¸\xadç\x9f\xadæ\x9c\x9fè¶¨å\x8b¢ç¶\xadæ\x8c\x81å\x81\x8få¤\x9a']",['è·\x9dçª\x81ç\xa0´ä½\x8dç½®å°\x9aå\x8f¯'],[],['è¿\x9120æ\x97¥è¡¨ç\x8f¾å\x84ªæ\x96¼å¤§ç\x9b¤ 3.8%'],12,IC Design,60,85,80,æ«ä¸èæ®,æºåé²å ´,ä¸­é·æè¶¨å¢å¼·,ç­æåç·åå¤é ­æå | ä¸­æè¶¨å¢ç¶­æåä¸ | è¿20æ¥ç¸å°å¤§ç¤å¼· 3.8% | IC Designæç¾¤ç¸å°å¼·å¢,ä»éè§å¯éæ¥éç¤èæäº¤éç¢ºèª,ææ¥è¥çªç ´ 1065.00 ä¸éè½åæ­¥æ¾å¤§ï¼å¯è¦çºé²å ´è§¸ç¼ï¼è¥ç´æ¥è·³ç©ºé«æ¼ 1096.95ï¼ä¸å»ºè­°è¿½å¹ã,True,33,26,48,946.37,968.21,1065.0,1096.95,932.17,861.53,3.72,13.24,1040.28,1076.32,2.0
6533,晶心科,上市,半導體業,6533.TW,ASIC / IP,False,2026-09-24,276.0,263.1,248.5,252.23,236.28,227.54,234.9,62.24,13.86,278.5,224.0,224.0,187.5,2.79,36.63,3.16,9.42,0.9,17,23,20,8,-1.66,34.49,"['è\x82¡å\x83¹ç«\x99ä¸\x8a20æ\x97¥å\x9d\x87ç·\x9a', 'MA20ä½\x8dæ\x96¼MA60ä¹\x8bä¸\x8a', 'ä¸\xadç\x9f\xadæ\x9c\x9fè¶¨å\x8b¢ç¶\xadæ\x8c\x81å\x81\x8få¤\x9a']",['è·\x9d20æ\x97¥çª\x81ç\xa0´å\x83¹ä¸\x8då\x88°1%'],['æ\x88\x90äº¤é\x87\x8fè¶\x85é\x81\x8e20æ\x97¥å\x9d\x87é\x87\x8f2å\x80\x8d'],[],14,ASIC / IP,77,55,85,ç­å¾ææ¥ç¢ºèª,å°æªæç,ä¸­é·æè¶¨å¢å¼·,ä¸­æè¶¨å¢ç¶­æåä¸ | å·²éå¸¸æ¥è¿20æ¥çªç ´ä½ç½® | æäº¤éæ¾å¤§è³20æ¥åé 3.16 å | ASIC / IPæç¾¤ç¸å°å¼·å¢,ä»éè§å¯éæ¥éç¤èæäº¤éç¢ºèª,ææ¥è¥çªç ´ 278.50 ä¸éè½åæ­¥æ¾å¤§ï¼å¯è¦çºé²å ´è§¸ç¼ï¼è¥ç´æ¥è·³ç©ºé«æ¼ 286.86ï¼ä¸å»ºè­°è¿½å¹ã,True,3,62,28,270.48,276.0,278.5,286.86,249.69,234.42,9.53,15.07,328.62,354.93,2.0
6640,均華,上櫃,半導體業,6640.TWO,"先進封裝,半導體設備",False,2026-09-24,1010.0,1077.0,1102.0,1145.5,1024.98,1171.47,955.1,42.25,84.29,1320.0,1015.0,1015.0,737.0,-6.05,-13.68,0.52,-11.83,23.48,11,0,0,0,-10.5,-15.81,"['MA20ä½\x8dæ\x96¼MA60ä¹\x8bä¸\x8a', 'ä¸\xadç\x9f\xadæ\x9c\x9fè¶¨å\x8b¢ç¶\xadæ\x8c\x81å\x81\x8få¤\x9a']",[],[],[],10,先進封裝,21,10,45,æ«ä¸èæ®,å°æªæç,ä¸­é·æä¸è¬,ä¸­æè¶¨å¢ç¶­æåä¸ | 先進封裝æç¾¤ç¸å°å¼·å¢,ç®åéè½ä»ä¸è¶³ | è·é¢çªç ´ä½ç½®ä»è¼é ,ææ¥è¥çªç ´ 1320.00 ä¸éè½åæ­¥æ¾å¤§ï¼å¯è¦çºé²å ´è§¸ç¼ï¼è¥ç´æ¥è·³ç©ºé«æ¼ 1359.60ï¼ä¸å»ºè­°è¿½å¹ã,False,118,109,103,969.9,994.4,1320.0,1359.6,843.47,994.23,15.18,1.56,1296.25,1447.18,2.0
6643,M31,上櫃,半導體業,6643.TWO,ASIC / IP,False,2026-09-24,515.0,483.4,451.15,435.7,430.78,487.74,460.27,68.81,25.04,520.0,400.0,400.0,362.0,16.38,3.6,4.32,18.2,0.96,25,23,20,12,11.93,1.46,"['è\x82¡å\x83¹ç«\x99ä¸\x8a20æ\x97¥å\x9d\x87ç·\x9a', 'MA5 > MA10 > MA20ï¼\x8cå¤\x9aé\xa0\xadæ\x8e\x92å\x88\x97', 'MA20ä½\x8dæ\x96¼MA60ä¹\x8bä¸\x8a', 'ä¸\xadç\x9f\xadæ\x9c\x9fè¶¨å\x8b¢ç¶\xadæ\x8c\x81å\x81\x8få¤\x9a']",['è·\x9d20æ\x97¥çª\x81ç\xa0´å\x83¹ä¸\x8då\x88°1%'],['æ\x88\x90äº¤é\x87\x8fè¶\x85é\x81\x8e20æ\x97¥å\x9d\x87é\x87\x8f2å\x80\x8d'],['è¿\x9120æ\x97¥è¡¨ç\x8f¾å\x84ªæ\x96¼å¤§ç\x9b¤ 11.9%'],14,ASIC / IP,74,90,80,éç±ï¼ä¸è¿½å¹,æºåé²å ´,ä¸­é·æè¶¨å¢å¼·,ç­æåç·åå¤é ­æå | ä¸­æè¶¨å¢ç¶­æåä¸ | å·²éå¸¸æ¥è¿20æ¥çªç ´ä½ç½® | æäº¤éæ¾å¤§è³20æ¥åé 4.32 å | è¿20æ¥ç¸å°å¤§ç¤å¼· 11.9%,è¡å¹èMA20ä¹é¢éå¤§,ææ¥è¥çªç ´ 520.00 ä¸éè½åæ­¥æ¾å¤§ï¼å¯è¦çºé²å ´è§¸ç¼ï¼è¥ç´æ¥è·³ç©ºé«æ¼ 535.60ï¼ä¸å»ºè­°è¿½å¹ã,True,7,14,47,504.7,515.0,520.0,535.6,467.14,439.88,9.29,14.59,610.72,658.58,2.0
6669,緯穎,上市,電腦及週邊設備業,6669.TW,"AI Server,AI,科技",False,2026-09-24,2115.0,2125.0,2182.0,2318.87,2043.94,1811.9,1561.32,43.03,109.29,2875.0,2085.0,2085.0,1548.88,-7.43,21.32,0.57,-8.79,26.43,11,0,0,6,-11.89,19.18,"['MA20ä½\x8dæ\x96¼MA60ä¹\x8bä¸\x8a', 'ä¸\xadç\x9f\xadæ\x9c\x9fè¶¨å\x8b¢ç¶\xadæ\x8c\x81å\x81\x8få¤\x9a']",[],[],[],9,AI,26,0,80,æ«ä¸èæ®,å°æªæç,ä¸­é·æè¶¨å¢å¼·,ä¸­æè¶¨å¢ç¶­æåä¸ | AIæç¾¤ç¸å°å¼·å¢,ç®åéè½ä»ä¸è¶³ | è·é¢çªç ´ä½ç½®ä»è¼é ,ææ¥è¥çªç ´ 2875.00 ä¸éè½åæ­¥æ¾å¤§ï¼å¯è¦çºé²å ´è§¸ç¼ï¼è¥ç´æ¥è·³ç©ºé«æ¼ 2956.97ï¼ä¸å»ºè­°è¿½å¹ã,False,98,136,40,2031.03,2082.32,2875.0,2956.97,1867.1,1982.62,10.34,6.26,2512.77,2727.99,2.0
6683,雍智科技,上櫃,半導體業,6683.TWO,測試介面,False,2026-09-24,1520.0,1602.0,1525.5,1433.75,1329.3,1566.9,1083.2,56.59,114.29,1740.0,1235.0,1130.0,843.0,22.09,-13.93,0.56,6.02,12.64,25,0,0,9,17.63,-16.07,"['è\x82¡å\x83¹ç«\x99ä¸\x8a20æ\x97¥å\x9d\x87ç·\x9a', 'MA5 > MA10 > MA20ï¼\x8cå¤\x9aé\xa0\xadæ\x8e\x92å\x88\x97', 'MA20ä½\x8dæ\x96¼MA60ä¹\x8bä¸\x8a', 'ä¸\xadç\x9f\xadæ\x9c\x9fè¶¨å\x8b¢ç¶\xadæ\x8c\x81å\x81\x8få¤\x9a']",[],[],['è¿\x9120æ\x97¥è¡¨ç\x8f¾å\x84ªæ\x96¼å¤§ç\x9b¤ 17.6%'],12,測試介面,46,65,55,æ«ä¸èæ®,æçºè§å¯,ä¸­é·æä¸è¬,ç­æåç·åå¤é ­æå | ä¸­æè¶¨å¢ç¶­æåä¸ | è¿20æ¥ç¸å°å¤§ç¤å¼· 17.6% | 測試介面æç¾¤ç¸å°å¼·å¢,ç®åéè½ä»ä¸è¶³ | è·é¢çªç ´ä½ç½®ä»è¼é ,ææ¥è¥çªç ´ 1740.00 ä¸éè½åæ­¥æ¾å¤§ï¼å¯è¦çºé²å ´è§¸ç¼ï¼è¥ç´æ¥è·³ç©ºé«æ¼ 1792.20ï¼ä¸å»ºè­°è¿½å¹ã,False,62,49,88,1510.24,1520.0,1740.0,1792.2,1412.24,1289.42,7.09,15.17,1735.51,1843.27,2.0
6770,力積電,上市,半導體業,6770.TW,半導體,False,2026-09-24,72.0,72.72,71.3,71.24,68.36,67.05,56.87,52.72,3.06,75.3,66.7,66.7,47.84,3.45,-3.3,0.73,1.07,4.38,25,10,0,2,-1.01,-5.44,"['è\x82¡å\x83¹ç«\x99ä¸\x8a20æ\x97¥å\x9d\x87ç·\x9a', 'MA5 > MA10 > MA20ï¼\x8cå¤\x9aé\xa0\xadæ\x8e\x92å\x88\x97', 'MA20ä½\x8dæ\x96¼MA60ä¹\x8bä¸\x8a', 'ä¸\xadç\x9f\xadæ\x9c\x9fè¶¨å\x8b¢ç¶\xadæ\x8c\x81å\x81\x8få¤\x9a']",['è·\x9dçª\x81ç\xa0´ä½\x8dç½®å°\x9aå\x8f¯'],[],[],14,半導體,51,70,75,æ«ä¸èæ®,æçºè§å¯,ä¸­é·ææçºè¿½è¹¤,ç­æåç·åå¤é ­æå | ä¸­æè¶¨å¢ç¶­æåä¸ | æ­£å¨æ¥è¿20æ¥å£åå | 半導體æç¾¤ç¸å°å¼·å¢,ç®åéè½ä»ä¸è¶³,ææ¥è¥çªç ´ 75.30 ä¸éè½åæ­¥æ¾å¤§ï¼å¯è¦çºé²å ´è§¸ç¼ï¼è¥ç´æ¥è·³ç©ºé«æ¼ 77.56ï¼ä¸å»ºè­°è¿½å¹ã,False,50,44,57,70.59,72.0,75.3,77.56,69.53,66.31,3.43,7.9,76.94,79.42,2.0
6781,AES-KY,上市,電子零組件業,6781.TW,Power / BBU,False,2026-09-24,1005.0,1011.0,1004.1,1049.05,1054.97,1088.09,1132.96,43.01,27.93,1175.0,982.0,982.0,838.0,-11.84,-15.21,0.34,-4.2,14.47,5,0,0,0,-16.3,-17.35,['ä¸\xadç\x9f\xadæ\x9c\x9fè¶¨å\x8b¢ç¶\xadæ\x8c\x81å\x81\x8få¤\x9a'],[],[],[],1,Power / BBU,6,0,0,æ«ä¸èæ®,å°æªæç,ä¸­é·æä¸è¬,Power / BBUæç¾¤ç¸å°å¼·å¢,ç®åéè½ä»ä¸è¶³ | è·é¢çªç ´ä½ç½®ä»è¼é ,ææ¥è¥çªç ´ 1175.00 ä¸éè½åæ­¥æ¾å¤§ï¼å¯è¦çºé²å ´è§¸ç¼ï¼è¥ç´æ¥è·³ç©ºé«æ¼ 1195.95ï¼ä¸å»ºè­°è¿½å¹ã,False,153,150,149,994.06,1005.0,1175.0,1195.95,977.09,921.21,2.78,8.34,1060.82,1088.73,2.0
8016,矽創,上市,半導體業,8016.TW,IC Design,False,2026-09-24,283.5,281.9,279.15,284.25,296.38,279.56,231.67,47.62,6.64,304.5,271.5,271.5,251.0,-5.5,-13.44,0.64,-0.26,6.9,5,10,0,0,-9.96,-15.57,['ä¸\xadç\x9f\xadæ\x9c\x9fè¶¨å\x8b¢ç¶\xadæ\x8c\x81å\x81\x8få¤\x9a'],['è·\x9dçª\x81ç\xa0´ä½\x8dç½®å°\x9aå\x8f¯'],[],[],12,IC Design,27,20,45,æ«ä¸èæ®,å°æªæç,ä¸­é·æä¸è¬,IC Designæç¾¤ç¸å°å¼·å¢,ç®åéè½ä»ä¸è¶³,ææ¥è¥çªç ´ 304.50 ä¸éè½åæ­¥æ¾å¤§ï¼å¯è¦çºé²å ´è§¸ç¼ï¼è¥ç´æ¥è·³ç©ºé«æ¼ 309.48ï¼ä¸å»ºè­°è¿½å¹ã,False,94,93,102,281.41,283.5,304.5,309.48,277.19,263.58,2.23,7.03,296.13,302.44,2.0
8046,南電,上市,電子零組件業,8046.TW,"PCB / CCL / ABF,科技",False,2026-09-24,1240.0,1155.0,1116.5,1122.5,1140.5,1006.89,674.82,59.67,69.29,1335.0,1025.0,1010.0,792.0,-4.25,8.3,1.14,10.47,7.12,11,0,10,3,-8.7,6.16,"['è\x82¡å\x83¹ç«\x99ä¸\x8a20æ\x97¥å\x9d\x87ç·\x9a', 'ä¸\xadç\x9f\xadæ\x9c\x9fè¶¨å\x8b¢ç¶\xadæ\x8c\x81å\x81\x8få¤\x9a']",[],['æ\x88\x90äº¤é\x87\x8fé«\x98æ\x96¼20æ\x97¥å\x9d\x87é\x87\x8f'],[],9,科技,28,30,70,æ«ä¸èæ®,å°æªæç,ä¸­é·ææçºè¿½è¹¤,科技æç¾¤ç¸å°å¼·å¢,è·é¢çªç ´ä½ç½®ä»è¼é ,ææ¥è¥çªç ´ 1335.00 ä¸éè½åæ­¥æ¾å¤§ï¼å¯è¦çºé²å ´è§¸ç¼ï¼è¥ç´æ¥è·³ç©ºé«æ¼ 1375.05ï¼ä¸å»ºè­°è¿½å¹ã,True,91,84,65,1215.2,1240.0,1335.0,1375.05,1111.27,1106.29,10.38,10.78,1497.47,1626.2,2.0
8114,振樺電,上市,電腦及週邊設備業,8114.TW,工業電腦 / Edge AI,False,2026-09-24,177.5,177.0,177.35,183.32,199.06,197.45,187.07,38.54,4.36,200.0,174.5,174.5,174.5,-10.13,-6.58,0.57,-3.18,11.25,5,0,0,0,-14.58,-8.72,['ä¸\xadç\x9f\xadæ\x9c\x9fè¶¨å\x8b¢ç¶\xadæ\x8c\x81å\x81\x8få¤\x9a'],[],[],[],8,工業電腦 / Edge AI,13,0,35,æ«ä¸èæ®,å°æªæç,ä¸­é·æä¸è¬,工業電腦 / Edge AIæç¾¤ç¸å°å¼·å¢,ç®åéè½ä»ä¸è¶³ | è·é¢çªç ´ä½ç½®ä»è¼é ,ææ¥è¥çªç ´ 200.00 ä¸éè½åæ­¥æ¾å¤§ï¼å¯è¦çºé²å ´è§¸ç¼ï¼è¥ç´æ¥è·³ç©ºé«æ¼ 203.27ï¼ä¸å»ºè­°è¿½å¹ã,False,143,147,117,175.58,177.5,200.0,203.27,172.94,172.75,2.57,2.67,186.61,191.17,2.0
8150,南茂,上市,半導體業,8150.TW,"半導體,先進封裝",False,2026-09-24,112.0,104.3,95.3,92.96,94.36,89.74,69.24,73.31,5.85,116.0,84.3,84.3,65.7,24.03,3.23,2.3,20.48,3.45,19,17,20,12,19.57,1.09,"['è\x82¡å\x83¹ç«\x99ä¸\x8a20æ\x97¥å\x9d\x87ç·\x9a', 'MA5 > MA10 > MA20ï¼\x8cå¤\x9aé\xa0\xadæ\x8e\x92å\x88\x97', 'ä¸\xadç\x9f\xadæ\x9c\x9fè¶¨å\x8b¢ç¶\xadæ\x8c\x81å\x81\x8få¤\x9a']",['æ\x8e¥è¿\x9120æ\x97¥çª\x81ç\xa0´å\x8d\x80'],['æ\x88\x90äº¤é\x87\x8fè¶\x85é\x81\x8e20æ\x97¥å\x9d\x87é\x87\x8f2å\x80\x8d'],['è¿\x9120æ\x97¥è¡¨ç\x8f¾å\x84ªæ\x96¼å¤§ç\x9b¤ 19.6%'],14,半導體,55,83,80,éç±ï¼ä¸è¿½å¹,æºåé²å ´,ä¸­é·æè¶¨å¢å¼·,ç­æåç·åå¤é ­æå | æ­£å¨æ¥è¿20æ¥å£åå | æäº¤éæ¾å¤§è³20æ¥åé 2.30 å | è¿20æ¥ç¸å°å¤§ç¤å¼· 19.6% | 半導體æç¾¤ç¸å°å¼·å¢,RSIåé«ï¼æ³¨æéæ¥è¿½å¹é¢¨éª | è¡å¹èMA20ä¹é¢éå¤§,ææ¥è¥çªç ´ 116.00 ä¸éè½åæ­¥æ¾å¤§ï¼å¯è¦çºé²å ´è§¸ç¼ï¼è¥ç´æ¥è·³ç©ºé«æ¼ 119.48ï¼ä¸å»ºè­°è¿½å¹ã,True,38,28,49,109.76,112.0,116.0,119.48,100.98,94.45,9.83,15.67,134.03,145.05,2.0
8210,勤誠,上市,電腦及週邊設備業,8210.TW,"AI Server,機殼 / 機構件",False,2026-09-24,897.0,897.8,892.3,922.2,1030.83,1146.78,1016.48,40.0,23.0,1010.0,873.0,873.0,873.0,-6.56,-31.53,0.42,-2.73,11.19,5,0,0,0,-11.02,-33.67,['ä¸\xadç\x9f\xadæ\x9c\x9fè¶¨å\x8b¢ç¶\xadæ\x8c\x81å\x81\x8få¤\x9a'],[],[],[],3,AI Server,8,0,15,æ«ä¸èæ®,å°æªæç,ä¸­é·æä¸è¬,AI Serveræç¾¤ç¸å°å¼·å¢,ç®åéè½ä»ä¸è¶³ | è·é¢çªç ´ä½ç½®ä»è¼é ,ææ¥è¥çªç ´ 1010.00 ä¸éè½åæ­¥æ¾å¤§ï¼å¯è¦çºé²å ´è§¸ç¼ï¼è¥ç´æ¥è·³ç©ºé«æ¼ 1027.25ï¼ä¸å»ºè­°è¿½å¹ã,False,148,133,147,879.06,897.0,1010.0,1027.25,865.87,864.27,3.47,3.65,959.25,990.38,2.0
8271,宇瞻,上市,半導體業,8271.TW,Memory,False,2026-09-24,200.0,202.3,203.3,212.43,212.21,210.87,161.87,37.63,6.36,244.0,198.5,198.5,166.0,-14.53,3.9,0.53,-5.85,18.03,11,0,0,3,-18.99,1.76,"['MA20ä½\x8dæ\x96¼MA60ä¹\x8bä¸\x8a', 'ä¸\xadç\x9f\xadæ\x9c\x9fè¶¨å\x8b¢ç¶\xadæ\x8c\x81å\x81\x8få¤\x9a']",[],[],[],1,Memory,15,0,80,æ«ä¸èæ®,å°æªæç,ä¸­é·æè¶¨å¢å¼·,ä¸­æè¶¨å¢ç¶­æåä¸ | Memoryæç¾¤ç¸å°å¼·å¢,ç®åéè½ä»ä¸è¶³ | è·é¢çªç ´ä½ç½®ä»è¼é ,ææ¥è¥çªç ´ 244.00 ä¸éè½åæ­¥æ¾å¤§ï¼å¯è¦çºé²å ´è§¸ç¼ï¼è¥ç´æ¥è·³ç©ºé«æ¼ 248.77ï¼ä¸å»ºè­°è¿½å¹ã,False,131,151,46,196.0,200.0,244.0,248.77,186.46,180.92,6.77,9.54,227.08,240.62,2.0
8299,群聯,上櫃,半導體業,8299.TWO,Memory,False,2026-09-24,2125.0,2163.0,2061.5,2073.25,2017.08,2124.15,1778.9,53.98,97.14,2350.0,1900.0,1900.0,1445.0,-1.39,-5.13,0.96,2.5,9.57,17,0,5,0,-5.85,-7.27,"['è\x82¡å\x83¹ç«\x99ä¸\x8a20æ\x97¥å\x9d\x87ç·\x9a', 'MA20ä½\x8dæ\x96¼MA60ä¹\x8bä¸\x8a', 'ä¸\xadç\x9f\xadæ\x9c\x9fè¶¨å\x8b¢ç¶\xadæ\x8c\x81å\x81\x8få¤\x9a']",[],[],[],1,Memory,23,30,45,æ«ä¸èæ®,å°æªæç,ä¸­é·æä¸è¬,ä¸­æè¶¨å¢ç¶­æåä¸ | Memoryæç¾¤ç¸å°å¼·å¢,è·é¢çªç ´ä½ç½®ä»è¼é ,ææ¥è¥çªç ´ 2350.00 ä¸éè½åæ­¥æ¾å¤§ï¼å¯è¦çºé²å ´è§¸ç¼ï¼è¥ç´æ¥è·³ç©ºé«æ¼ 2420.50ï¼ä¸å»ºè­°è¿½å¹ã,False,109,81,98,2052.52,2104.35,2350.0,2420.5,2021.73,1956.57,3.93,7.93,2269.59,2352.21,2.0
